Company,Year,Sales,Net profit,Operating Profit,ROE,ROA,Debt_to_Equity,Borrowings,Total Assets,Cash from Operating Activity,Operating_CF_Ratio,Cash_Margin,Cash_to_Debt,Revenue_Growth,Profit_Growth,Asset_Growth,Borrowing_Growth,Sales_Anomaly_Flag,Negative_Interest_Flag,Negative_Cash_Flag,Risk_Category,Growth_Category
360 ONE WAM LTD,2026,4361.62,1216.17,1576.88,0.1237,0.0447,1.6198,15931.31,27201.35,-2921.05,-0.6697,-2.4018,0.093,0.184,0.1978,0.376,0.4275,0,0,0,Healthy,Stable / Low Growth
3M INDIA LTD,2026,5089.76,522.32,730.4899999999999,0.2954,0.1665,0.096,169.75,3137.25,513.72,0.1009,0.9835,4.7893,0.1449,0.0971,0.0407,0.7055,0,0,0,Healthy,Stable / Low Growth
63 MOONS TECHNOLOGIES LTD,2026,211.59,-22.43,-36.839999999999975,-0.0063,-0.0058,0.0008,2.85,3886.59,-292.97,-1.3846,13.0615,435.5273,3.5192,-0.3238,0.0571,0.0,0,0,0,Moderate Risk,Revenue Growth Only
AADHAR HOUSING FINANCE LTD,2026,3683.44,1095.88,1405.91,0.1453,0.04,2.4856,18743.78,27398.63,-2807.88,-0.7623,-2.5622,0.0648,0.1849,0.2018,0.1798,0.1483,0,0,0,Healthy,Stable / Low Growth
AARTI DRUGS LTD,2026,2565.31,194.92,210.1600000000004,0.1258,0.0692,0.3723,576.64,2815.26,253.54,0.0988,1.3007,0.0153,0.0747,0.1591,0.0934,-0.0625,0,0,0,Healthy,Stable / Low Growth
AARTI INDUSTRIES LTD,2026,8286.0,419.0,-651.0,0.0704,0.0315,0.8339,4966.0,13299.0,775.0,0.0935,1.8496,0.1226,0.1395,0.2664,0.1967,0.2906,0,0,0,Healthy,Stable / Low Growth
AARTI PHARMALABS LTD,2026,1819.44,174.71,130.56000000000012,0.0822,0.0502,0.3551,754.36,3481.71,261.93,0.144,1.4992,0.0127,-0.1398,-0.3586,0.1979,0.8261,0,0,0,Healthy,Declining
ABBOTT INDIA LTD,2026,6929.05,1552.02,1908.69,0.3251,0.2387,0.036,171.99,6501.93,1319.24,0.1904,0.85,13.0351,0.0811,0.0973,0.0988,-0.1255,0,0,0,Healthy,Stable / Low Growth
ACC LTD,2026,25961.85,2137.07,1930.5700000000024,0.104,0.0776,0.0209,428.61,27525.26,-1364.01,-0.0525,-0.6383,1.2982,0.193,-0.1103,0.0831,-0.0027,0,0,0,Healthy,Stable / Low Growth
ACME SOLAR HOLDINGS LTD,2026,2023.38,498.92,676.8300000000003,0.0986,0.0175,3.9309,19896.29,28540.31,1248.59,0.6171,2.5026,0.3095,0.44,0.979,0.5733,0.8128,0,0,0,Healthy,Revenue Growth Only
ACTION CONSTRUCTION EQUIPMENT LTD,2026,3280.44,415.09,501.81,0.2064,0.1277,0.0039,7.9,3251.68,417.27,0.1272,1.0053,8.6742,-0.014,0.0143,0.1998,-0.5195,0,0,0,Healthy,Declining
ACUTAAS CHEMICALS LTD,2026,1339.37,356.26,424.7199999999999,0.2154,0.1796,0.0215,35.6,1983.96,292.17,0.2181,0.8201,6.1429,0.3302,1.2447,0.2806,1.7533,0,0,0,Healthy,Quality Growth
ADANI ENERGY SOLUTIONS LTD,2026,27588.03,2282.54,3114.840000000001,0.0898,0.0246,1.934,49176.43,92756.75,10996.68,0.3986,4.8177,0.0803,0.1608,1.1534,0.2551,0.2317,0,0,0,Healthy,Stable / Low Growth
ADANI ENTERPRISES LTD,2026,100468.61,9339.47,7875.480000000014,0.1154,0.0358,1.3175,106621.79,260868.38,2356.91,0.0235,0.2524,0.1108,0.0263,0.3132,0.3186,0.1656,0,0,0,Healthy,Stable / Low Growth
ADANI GREEN ENERGY LTD,2026,12928.0,1652.0,2001.0,0.0827,0.0116,5.1863,103545.0,142988.0,10135.0,0.784,6.135,0.0267,0.1531,0.144,0.2909,0.2937,0,0,0,Moderate Risk,Stable / Low Growth
ADANI PORTS & SPECIAL ECONOMIC ZONE LTD,2026,38735.77,12806.21,14848.559999999994,0.1335,0.0699,0.6624,63565.52,183098.53,20356.25,0.5255,1.5896,0.1335,0.2711,0.1545,0.3721,0.2314,0,0,0,Healthy,Quality Growth
ADANI POWER LTD,2026,54240.52,12834.3,15499.509999999991,0.1976,0.0907,0.8419,54670.29,141468.53,20513.65,0.3782,1.5983,0.1267,-0.0349,-0.0081,0.2528,0.3842,0,0,0,Healthy,Declining
ADANI TOTAL GAS LTD,2026,5863.51,636.88,863.1500000000011,0.132,0.0674,0.4668,2251.76,9443.65,1150.0,0.1961,1.8057,0.2233,0.176,-0.0172,0.2428,0.2299,0,0,0,Healthy,Stable / Low Growth
ADITYA BIRLA CAPITAL LTD,2026,45513.0,3863.8,5271.240000000003,0.1122,0.0115,5.2156,179537.75,334965.76,-36544.12,-0.8029,-9.4581,0.0263,0.1201,0.1425,0.2021,0.2823,0,0,0,Moderate Risk,Stable / Low Growth
ADITYA BIRLA FASHION & RETAIL LTD,2026,8175.74,-775.89,-1571.1900000000005,-0.1329,-0.0446,1.0599,6189.11,17394.77,160.75,0.0197,-0.2072,0.0776,0.1121,1.0645,0.061,0.2337,0,0,0,Moderate Risk,Stable / Low Growth
ADITYA BIRLA REAL ESTATE LTD,2026,407.18,-103.22,-256.81000000000006,-0.0279,-0.0051,1.523,5636.49,20232.76,747.23,1.8351,-7.2392,0.2481,-0.6659,-0.36,0.2275,0.1281,0,0,0,Moderate Risk,Declining
ADITYA BIRLA SUN LIFE AMC LTD,2026,2056.16,975.07,1265.5599999999995,0.2413,0.2208,0.0158,63.73,4415.43,811.93,0.3949,0.8327,2.1477,0.0373,0.0478,0.0732,-0.0636,0,0,0,Healthy,Stable / Low Growth
ADITYA INFOTECH LTD,2026,4220.81,367.96,1058.9900000000005,0.1961,0.0922,0.1366,256.34,3990.99,13.47,0.0032,0.0366,0.7756,0.3564,0.0472,0.2572,-0.4967,0,0,0,Healthy,Quality Growth
ADITYA VISION LTD,2026,2671.62,116.92,-127.58999999999985,0.1698,0.0795,0.8321,572.8,1471.0,74.95,0.0281,0.641,0.2242,0.1822,0.1082,0.2024,0.1923,0,0,0,Healthy,Stable / Low Growth
ADVANCED ENZYME TECHNOLOGIES LTD,2026,745.76,168.72,229.82,0.1034,0.092,0.0196,32.01,1833.89,156.78,0.2102,0.9292,3.512,0.1709,0.2868,0.1382,-0.1865,0,0,0,Healthy,Stable / Low Growth
AEGIS LOGISTICS LTD,2026,8333.21,898.15,1542.9799999999998,0.1483,0.0629,0.6854,4149.93,14269.44,2027.69,0.2433,2.2576,1.0105,0.232,0.3539,0.2879,-0.099,0,0,0,Healthy,Quality Growth
AEGIS VOPAK TERMINALS LTD,2026,923.08,310.47,406.44999999999993,0.0724,0.0369,0.8696,3730.93,8421.11,701.96,0.7605,2.261,0.0822,0.1696,0.5489,0.2481,-0.0714,0,0,0,Healthy,Stable / Low Growth
AEQUS LTD,2026,1230.44,-113.25,-126.53,-0.0762,-0.0421,0.4715,700.93,2690.47,-98.75,-0.0803,0.872,0.5081,0.3308,0.1065,0.414,-0.1072,0,0,0,Moderate Risk,Revenue Growth Only
AEROFLEX INDUSTRIES LTD,2026,441.94,55.53,56.74000000000004,0.1242,0.0983,0.0199,8.9,565.02,65.84,0.149,1.1857,7.0354,0.1747,0.0575,0.3246,14.3448,0,0,0,Healthy,Stable / Low Growth
AETHER INDUSTRIES LTD,2026,1160.14,219.46,128.38000000000005,0.0894,0.0686,0.1865,457.94,3201.43,142.38,0.1227,0.6488,0.0123,0.3833,0.3853,0.2107,1.2912,0,0,0,Healthy,Revenue Growth Only
AFCOM HOLDINGS LTD,2026,583.11,121.9,148.18,0.2669,0.1304,0.8773,400.65,934.78,35.99,0.0617,0.2952,0.1545,1.4427,1.5176,2.3938,14.38,0,0,0,Healthy,Quality Growth
AFFLE 3I LTD,2026,2709.31,454.85,558.6599999999999,0.1245,0.1029,0.0041,14.81,4421.49,502.35,0.1854,1.1044,81.8514,0.1955,0.1911,0.2243,-0.8196,0,0,0,Healthy,Stable / Low Growth
AGI GREENPAC LTD,2026,2665.32,352.21,451.2900000000004,0.1463,0.0991,0.1001,241.04,3552.76,572.03,0.2146,1.6241,0.3476,0.054,0.0924,0.0162,-0.5639,0,0,0,Healthy,Stable / Low Growth
AGI INFRA LTD,2026,352.54,94.86,-262.92999999999995,0.2041,0.0601,0.3993,185.61,1578.2,-32.38,-0.0918,-0.3413,0.5276,0.0858,0.423,0.3191,0.3507,0,0,0,Healthy,Stable / Low Growth
AHLUWALIA CONTRACTS (INDIA) LTD,2026,4565.2,265.86,359.09000000000003,0.1291,0.0623,0.0355,73.14,4264.86,281.13,0.0616,1.0574,11.0259,0.1138,0.3156,0.1508,-0.0394,0,0,0,Healthy,Stable / Low Growth
AIA ENGINEERING LTD,2026,4419.86,1270.16,1381.8199999999997,0.1583,0.1488,0.0013,10.27,8538.0,591.5,0.1338,0.4657,19.8634,0.0309,0.1974,0.09,-0.9791,0,0,0,Healthy,Stable / Low Growth
AIMTRON ELECTRONICS LTD,2026,301.16,45.97,-74.40999999999998,0.196,0.1096,0.2357,55.3,419.58,-39.96,-0.1327,-0.8693,0.2465,0.8921,0.7936,0.8235,85.4062,0,0,0,Healthy,Quality Growth
AJANTA PHARMA LTD,2026,5452.86,1056.0,1452.5699999999997,0.2333,0.1749,0.0575,260.17,6036.9,529.19,0.097,0.5011,0.4012,0.1731,0.1473,0.2309,4.4865,0,0,0,Healthy,Stable / Low Growth
AJAX ENGINEERING LTD,2026,2102.54,225.15,398.7300000000003,0.1617,0.1285,0.0013,1.84,1751.69,377.29,0.1794,1.6757,59.4683,0.0138,-0.1344,0.1816,0.0395,0,0,0,Healthy,Stable / Low Growth
ALEMBIC PHARMACEUTICALS LTD,2026,7344.9,674.77,150.3299999999981,0.1189,0.077,0.252,1429.94,8762.58,782.73,0.1066,1.16,0.1417,0.1008,0.1566,0.1273,0.1371,0,0,0,Healthy,Stable / Low Growth
ALIVUS LIFE SCIENCES LTD,2026,2551.83,564.48,758.4300000000001,0.1694,0.1417,0.017,56.77,3982.9,565.41,0.2216,1.0016,0.0369,0.0691,0.1624,0.1675,0.0028,0,0,0,Healthy,Stable / Low Growth
ALKEM LABORATORIES LTD,2026,14712.27,2301.8,2536.649999999999,0.1666,0.1104,0.1481,2047.16,20857.85,1963.03,0.1334,0.8528,0.8461,0.1348,0.063,0.179,0.4825,0,0,0,Healthy,Stable / Low Growth
ALKYL AMINES CHEMICALS LTD,2026,1535.86,180.0,300.30999999999995,0.1174,0.0949,0.0008,1.19,1896.09,238.55,0.1553,1.3253,92.1005,-0.0229,-0.0328,0.0596,-0.7844,0,0,0,Healthy,Declining
ALLIED BLENDERS & DISTILLERS LTD,2026,3922.78,228.32,407.85000000000025,0.1373,0.0548,0.692,1150.53,4162.82,361.96,0.0923,1.5853,0.1434,0.1145,0.1717,0.1778,0.271,0,0,0,Healthy,Stable / Low Growth
ALOK INDUSTRIES LTD,2026,3714.79,-744.11,-650.9300000000003,0.0346,-0.1149,-1.2127,26105.76,6474.55,419.28,0.1129,-0.5635,0.0047,0.0016,-0.0886,-0.0379,0.0055,0,0,0,Moderate Risk,Stable / Low Growth
ALTIUS TELECOM INFRASTRUCTURE TRUST,2026,24165.0,1106.6,1320.8999999999971,0.0965,0.0151,4.5934,52667.0,73452.5,9851.1,0.4077,8.9021,0.0365,0.2422,0.3175,-0.0172,0.0394,0,0,0,Healthy,Revenue Growth Only
AMAGI MEDIA LABS LTD,2026,1505.61,71.67,87.36999999999993,0.0408,0.0305,0.0176,30.98,2353.26,-9.24,-0.0061,-0.1289,38.0957,0.295,-2.0431,0.6514,-0.966,0,0,0,Healthy,Revenue Growth Only
AMARA RAJA ENERGY & MOBILITY LTD,2026,13548.86,970.43,916.7499999999992,0.1189,0.0872,0.0457,372.75,11125.31,1340.03,0.0989,1.3809,0.3087,0.0922,0.0068,0.1133,0.4429,0,0,0,Healthy,Stable / Low Growth
AMBER ENTERPRISES INDIA LTD,2026,12186.48,177.65,191.73000000000124,0.0406,0.0129,0.6179,2701.59,13766.88,240.16,0.0197,1.3519,0.1723,0.2219,-0.2706,0.6338,0.3122,0,0,0,Healthy,Revenue Growth Only
AMBUJA CEMENTS LTD,2026,40655.68,4728.18,2542.190000000006,0.0797,0.0528,0.0146,865.93,89573.94,5361.53,0.1319,1.134,1.1057,0.1505,0.0988,0.1045,0.0982,0,0,0,Healthy,Stable / Low Growth
ANAND RATHI SHARE & STOCK BROKERS LTD,2026,931.49,131.82,174.1200000000001,0.0974,0.0186,0.6211,840.31,7102.12,745.44,0.8003,5.655,4.2117,0.1042,0.2697,1.1237,-0.0808,0,0,0,Healthy,Stable / Low Growth
ANAND RATHI WEALTH LTD,2026,1207.77,391.43,527.3499999999998,0.3819,0.2938,0.0812,83.25,1332.22,253.71,0.2101,0.6482,2.6481,0.2812,0.325,0.3755,0.0567,0,0,0,Healthy,Quality Growth
ANANT RAJ LTD,2026,2511.6,554.85,661.94,0.0959,0.0808,0.1176,680.55,6868.66,-434.78,-0.1731,-0.7836,1.3373,0.2192,0.3039,0.3122,0.4131,0,0,0,Healthy,Revenue Growth Only
ANGEL ONE LTD,2026,5137.68,915.1,1271.7600000000002,0.1496,0.0383,1.2997,7951.41,23903.79,-4141.74,-0.8061,-4.526,2.0824,-0.0194,-0.2193,0.4154,1.3292,0,0,0,Healthy,Declining
ANTHEM BIOSCIENCES LTD,2026,2124.33,591.79,1021.62,0.1945,0.1726,0.0177,53.93,3429.29,844.49,0.3975,1.427,5.0042,0.1517,0.3114,0.2214,-0.524,0,0,0,Healthy,Stable / Low Growth
ANUPAM RASAYAN INDIA LTD,2026,2365.46,170.12,16.90000000000002,0.051,0.0212,0.5602,1867.49,8012.6,334.33,0.1413,1.9653,0.2107,0.6461,0.8224,0.5207,0.3598,0,0,0,Healthy,Revenue Growth Only
ANZEN INDIA ENERGY YIELD PLUS TRUST,2026,457.24,-0.66,-8.780000000000014,-0.0003,-0.0001,2.479,5043.71,7284.82,424.84,0.9291,-643.697,0.1467,0.7802,-0.9593,1.0512,1.6324,0,0,0,Moderate Risk,Revenue Growth Only
APAR INDUSTRIES LTD,2026,22902.12,976.93,-103.63999999999912,0.1811,0.0713,0.1772,955.51,13711.29,967.58,0.0422,0.9904,0.7652,0.2325,0.1895,0.2173,0.6342,0,0,0,Healthy,Quality Growth
APCOTEX INDUSTRIES LTD,2026,1441.5,101.41,136.71,0.1633,0.1028,0.1552,96.39,986.49,203.44,0.1411,2.0061,0.472,0.0353,0.8759,-0.0124,-0.4909,0,0,0,Healthy,Stable / Low Growth
APL APOLLO TUBES LTD,2026,23079.0,1203.08,1828.3800000000024,0.2271,0.1362,0.094,497.65,8833.3,2103.19,0.0911,1.7482,1.7773,0.1155,0.5891,0.1629,-0.2156,0,0,0,Healthy,Stable / Low Growth
APOLLO HOSPITALS ENTERPRISE LTD,2026,25228.5,1941.7,2617.7000000000016,0.2048,0.0875,0.8959,8492.9,22182.8,2855.7,0.1132,1.4707,0.1315,0.1576,0.3429,0.0745,0.0799,0,0,0,Healthy,Stable / Low Growth
APOLLO MICRO SYSTEMS LTD,2026,904.32,112.92,-36.11000000000011,0.086,0.0477,0.4137,543.26,2368.51,-129.76,-0.1435,-1.1491,0.2868,0.6089,1.0021,0.8226,0.62,0,0,0,Healthy,Revenue Growth Only
APOLLO TYRES LTD,2026,28470.6,1372.42,1015.1199999999974,0.0821,0.0473,0.2199,3675.23,29033.73,3667.37,0.1288,2.6722,0.284,0.0898,0.2239,0.0664,-0.1667,0,0,0,Healthy,Stable / Low Growth
APTUS VALUE HOUSING FINANCE INDIA LTD,2026,2192.24,942.94,1211.16,0.1864,0.0723,1.562,7903.77,13047.66,-489.26,-0.2232,-0.5189,0.0747,0.2524,0.2552,0.1605,0.15,0,0,0,Healthy,Quality Growth
ARCHEAN CHEMICAL INDUSTRIES LTD,2026,1081.05,106.86,67.22999999999996,0.0552,0.0401,0.2411,466.38,2664.78,139.63,0.1292,1.3067,0.1177,0.0385,-0.341,0.1154,0.9882,0,0,0,Healthy,Stable / Low Growth
ARTEMIS MEDICARE SERVICES LTD,2026,1060.49,103.44,138.67999999999978,0.1102,0.0727,0.2774,260.4,1423.6,128.82,0.1215,1.2454,0.7872,0.1612,0.2394,0.0599,-0.0717,0,0,0,Healthy,Stable / Low Growth
ARVIND FASHIONS LTD,2026,5266.19,122.57,-358.32000000000056,0.1299,0.0291,1.4157,1335.88,4215.78,404.31,0.0768,3.2986,0.0478,0.1399,-4.4459,0.1067,0.1548,0,0,0,Healthy,Stable / Low Growth
ARVIND LTD,2026,9303.19,413.94,604.1199999999997,0.1024,0.0468,0.4103,1659.52,8836.47,867.08,0.0932,2.0947,0.0985,0.117,0.171,0.1001,0.0623,0,0,0,Healthy,Stable / Low Growth
ARVIND SMARTSPACES LTD,2026,564.05,96.44,-1363.0,0.1486,0.0268,0.8983,583.19,3593.56,-170.44,-0.3022,-1.7673,0.2986,-0.2092,-0.1272,0.3478,1.0436,0,0,0,Healthy,Declining
ASAHI INDIA GLASS LTD,2026,4989.93,344.7,456.9299999999997,0.0877,0.0444,0.559,2197.96,7772.25,501.69,0.1005,1.4554,0.1116,0.0861,-0.0716,0.1447,-0.1847,0,0,0,Healthy,Stable / Low Growth
ASHAPURA MINECHEM LTD,2026,5237.13,401.42,634.0800000000004,0.2434,0.0854,0.8754,1443.74,4698.08,462.86,0.0884,1.1531,0.228,0.9121,0.357,0.1953,0.2415,0,0,0,Healthy,Quality Growth
ASHIANA HOUSING LTD,2026,1143.01,117.89,-685.0000000000001,0.1372,0.0275,0.376,323.13,4283.71,342.19,0.2994,2.9026,1.9285,1.1618,5.4633,0.2283,0.1703,0,0,0,Healthy,Revenue Growth Only
ASHIKA GLOBAL SECURITIES LTD.,2026,240.05,60.28,92.06,0.0516,0.0324,0.2239,261.79,1862.41,-86.03,-0.3584,-1.4272,1.8471,55.6156,-2.1709,3.2017,466.4821,0,0,0,Healthy,Revenue Growth Only
ASHOK LEYLAND LTD,2026,48313.71,3471.03,4622.130000000003,0.2437,0.0345,4.4893,63935.7,100704.23,-4894.71,-0.1013,-1.4102,0.1682,0.1413,0.1172,0.2349,0.2797,0,0,0,Healthy,Stable / Low Growth
ASHOKA BUILDCON LTD,2026,7519.88,2550.01,3132.34,0.3876,0.1954,0.2445,1608.46,13050.15,654.58,0.087,0.2567,0.4116,-0.2508,0.5052,-0.3657,-0.1908,0,0,0,Healthy,Declining
ASIAN PAINTS LTD,2026,35583.54,4325.35,7210.800000000006,0.2024,0.1253,0.1838,3928.93,34518.75,7088.18,0.1992,1.6388,0.2732,0.0495,0.1795,0.1372,0.7155,0,0,0,Healthy,Stable / Low Growth
ASK AUTOMOTIVE LTD,2026,4176.32,297.32,308.46999999999946,0.2268,0.1163,0.5179,679.01,2556.8,301.19,0.0721,1.013,0.019,0.1598,0.2007,0.329,0.6482,0,0,0,Healthy,Stable / Low Growth
ASM TECHNOLOGIES LTD,2026,528.52,60.76,-17.46000000000007,0.1979,0.1208,0.4158,127.68,502.91,68.03,0.1287,1.1197,0.2266,0.83,1.3173,0.7321,0.4802,0,0,0,Healthy,Quality Growth
ASTER DM QUALITY CARE LTD,2026,4643.22,388.14,572.0500000000008,0.0848,0.0478,0.4851,2219.66,8111.96,655.92,0.1413,1.6899,0.5968,0.122,-0.9278,0.2291,-0.0721,0,0,0,Healthy,Stable / Low Growth
ASTRA MICROWAVE PRODUCTS LTD,2026,1162.8,192.97,244.82,0.1468,0.0971,0.2188,287.66,1987.96,386.73,0.3326,2.0041,0.8759,0.1062,0.2571,0.0739,-0.3208,0,0,0,Healthy,Stable / Low Growth
ASTRAL LTD,2026,6568.6,536.6,696.4000000000017,0.1322,0.0927,0.0617,250.3,5788.8,1117.0,0.1701,2.0816,3.7541,0.1262,0.0244,0.1468,0.0733,0,0,0,Healthy,Stable / Low Growth
ASTRAZENECA PHARMA INDIA LTD,2026,2275.58,187.52,-724.5400000000002,0.2149,0.0943,0.1268,110.66,1989.1,-15.14,-0.0067,-0.0807,4.0177,0.3259,0.6202,0.3102,2.0971,0,0,0,Healthy,Quality Growth
ATHER ENERGY LTD,2026,3671.76,-517.17,-532.3299999999997,-0.201,-0.1095,0.2582,664.22,4721.51,31.89,0.0087,-0.0617,1.2374,0.6283,-0.3633,1.2477,0.0727,0,0,0,Moderate Risk,Revenue Growth Only
ATLANTA ELECTRICALS LTD,2026,1851.52,201.77,49.410000000000224,0.2171,0.1337,0.0546,50.74,1508.61,184.33,0.0996,0.9136,1.9308,0.4881,0.7005,0.7417,-0.6524,0,0,0,Healthy,Quality Growth
ATUL LTD,2026,6273.54,677.9,806.6599999999992,0.109,0.0861,0.0294,183.02,7869.7,1022.77,0.163,1.5087,0.5145,0.1236,0.4008,0.1275,-0.0927,0,0,0,Healthy,Stable / Low Growth
AU SMALL FINANCE BANK LTD,2026,18636.34,2641.25,3474.0500000000006,0.1339,0.0138,8.4394,166532.7,191797.47,1828.87,0.0981,0.6924,0.0419,0.1602,0.2542,0.2151,0.2251,0,0,0,Moderate Risk,Stable / Low Growth
AURIONPRO SOLUTIONS LTD,2026,1411.09,209.31,252.82999999999976,0.1205,0.0897,0.0349,60.68,2334.66,55.88,0.0396,0.267,3.3234,0.203,0.1243,0.1983,0.9889,0,0,0,Healthy,Quality Growth
AUROBINDO PHARMA LTD,2026,33653.08,3504.75,4522.23,0.0925,0.0602,0.2131,8072.84,58196.15,5526.37,0.1642,1.5768,1.2225,0.0608,0.0054,0.1761,-0.023,0,0,0,Healthy,Stable / Low Growth
AUTHUM INVESTMENT & INFRASTRUCTURE LTD,2026,2520.0,1919.47,2094.6800000000003,0.1319,0.1049,0.213,3099.72,18305.63,1011.15,0.4012,0.5268,0.1046,-0.4484,-0.5482,0.1578,2.537,0,0,0,Healthy,Declining
AVALON TECHNOLOGIES LTD,2026,1603.21,112.95,47.07000000000009,0.1565,0.0893,0.295,212.92,1264.39,57.19,0.0357,0.5063,0.3335,0.4599,0.7804,0.2181,0.183,0,0,0,Healthy,Quality Growth
AVANTEL LTD,2026,222.87,14.99,-2.0100000000000047,0.0443,0.0366,0.1016,34.38,409.84,10.05,0.0451,0.6704,0.3123,-0.1054,-0.7344,0.413,0.3057,0,0,0,Healthy,Declining
AVENUE SUPERMARTS LTD,2026,68820.74,2970.49,2369.099999999997,0.1214,0.1006,0.0991,2424.99,29517.55,3466.74,0.0504,1.1671,0.1252,0.1594,0.0969,0.2141,1.9587,0,0,0,Healthy,Stable / Low Growth
AVENUESAI LTD,2026,8115.85,279.04,341.19000000000017,0.0588,0.0382,0.0905,429.53,7301.93,536.52,0.0661,1.9227,2.1566,1.0327,0.2378,0.3601,1.4905,0,0,0,Healthy,Revenue Growth Only
AWL AGRI BUSINESS LTD,2026,74730.67,1044.89,834.5200000000029,0.1001,0.0422,0.1062,1109.27,24735.56,3928.34,0.0526,3.7596,1.5486,0.1737,-0.1476,0.1037,-0.4274,0,0,0,Healthy,Stable / Low Growth
AXIS BANK LTD,2026,132538.24,26384.85,32293.459999999985,0.1227,0.0136,7.5071,1614302.06,1946050.29,-8636.71,-0.0652,-0.3273,0.0445,0.0405,-0.0595,0.1745,0.16,0,0,0,Moderate Risk,Stable / Low Growth
AXISCADES TECHNOLOGIES LTD,2026,1158.95,71.92,55.029999999999845,0.0989,0.0491,0.5333,388.03,1466.21,-1.36,-0.0012,-0.0189,0.1169,0.1244,-0.0403,0.3051,0.5046,0,0,0,Healthy,Stable / Low Growth
AYE FINANCE LTD,2026,1796.43,193.63,247.30000000000015,0.0765,0.0249,1.9999,5065.1,7772.94,-1354.64,-0.7541,-6.996,0.1996,0.2307,0.1306,0.2264,0.1121,0,0,0,Healthy,Revenue Growth Only
AZAD ENGINEERING LTD,2026,602.98,132.88,42.60999999999992,0.0869,0.0604,0.3102,474.32,2200.04,-118.97,-0.1973,-0.8953,0.3883,0.3184,0.5218,0.1824,0.801,0,0,0,Healthy,Revenue Growth Only
BAJAJ AUTO LTD,2026,62905.0,10744.21,14740.280000000006,0.2767,0.1397,0.5849,22713.15,76913.98,2596.6,0.0413,0.2417,0.1352,0.2336,0.4668,0.4214,1.4255,0,0,0,Healthy,Quality Growth
BAJAJ CONSUMER CARE LTD,2026,1164.71,190.18,228.95,0.2519,0.2012,0.0209,15.8,945.13,196.92,0.1691,1.0354,2.3315,0.2072,0.5183,0.0489,2.789,0,0,0,Healthy,Quality Growth
BAJAJ ELECTRICALS LTD,2026,4460.96,-90.86,276.4999999999993,-0.057,-0.0213,0.0997,158.89,4260.14,619.27,0.1388,-6.8157,1.6117,-0.0757,-1.681,0.0097,-0.3469,0,0,0,Moderate Risk,Declining
BAJAJ FINANCE LTD,2026,81985.12,19017.39,25816.649999999998,0.1668,0.034,3.8168,435112.49,559952.36,-65789.8,-0.8025,-3.4595,0.0362,0.1911,0.143,0.2013,0.2045,0,0,0,Healthy,Stable / Low Growth
BAJAJ FINSERV LTD,2026,150530.32,9800.97,26883.15,0.1258,0.0129,5.5178,429913.96,758494.74,-55301.41,-0.3674,-5.6424,0.041,0.1323,0.1047,0.1642,0.2081,0,0,0,Moderate Risk,Stable / Low Growth
BAJAJ HINDUSTHAN SUGAR LTD,2026,5454.76,126.63,575.8599999999992,0.1267,0.0089,6.3569,6355.89,14303.79,229.57,0.0421,1.8129,0.0138,-0.0212,-1.1625,-0.0642,0.7781,0,0,0,Moderate Risk,Declining
BAJAJ HOLDINGS & INVESTMENT LTD,2026,1121.29,9636.75,10056.64,0.1317,0.1131,0.0001,9.62,85187.41,4780.33,4.2632,0.4961,3.0038,0.5168,0.4779,0.1318,-0.6896,0,0,0,Healthy,Quality Growth
BAJAJ HOUSING FINANCE LTD,2026,11149.86,2560.34,3320.0200000000013,0.1137,0.0201,4.6044,103703.99,127147.05,-19894.86,-1.7843,-7.7704,0.0016,0.167,0.1838,0.2367,0.2636,0,0,0,Healthy,Stable / Low Growth
BALAJI AMINES LTD,2026,1419.03,167.2,202.1700000000004,0.0846,0.061,0.0674,133.28,2742.54,184.04,0.1297,1.1007,2.0209,0.0218,0.0615,0.2178,11.0834,0,0,0,Healthy,Stable / Low Growth
BALKRISHNA INDUSTRIES LTD,2026,10823.08,1243.1,1484.4999999999982,0.1135,0.07,0.3752,4110.82,17766.34,2249.32,0.2078,1.8094,0.0157,0.036,-0.2489,0.1363,0.2581,0,0,0,Healthy,Stable / Low Growth
BALMER LAWRIE & COMPANY LTD,2026,2717.0,276.6,294.0200000000005,0.1337,0.0826,0.1062,219.64,3349.35,289.21,0.1064,1.0456,2.053,0.0848,0.04,0.1018,1.0789,0,0,0,Healthy,Stable / Low Growth
BALRAMPUR CHINI MILLS LTD,2026,6271.15,378.46,496.099999999999,0.0915,0.045,0.7661,3170.04,8406.34,599.47,0.0956,1.584,0.0013,0.158,-0.1338,0.1792,0.2067,0,0,0,Healthy,Stable / Low Growth
BALU FORGE INDUSTRIES LTD,2026,1107.37,258.89,208.5999999999997,0.1624,0.1399,0.0952,151.87,1850.78,31.7,0.0286,0.1224,0.5822,0.1989,0.2699,0.478,2.8168,0,0,0,Healthy,Stable / Low Growth
BANCO PRODUCTS (INDIA) LTD,2026,3896.38,481.68,781.9800000000004,0.286,0.1575,0.3644,613.77,3058.02,380.29,0.0976,0.7895,0.1314,0.2129,0.2294,0.1146,0.0705,0,0,0,Healthy,Quality Growth
BANDHAN BANK LTD,2026,21689.11,1223.56,1733.8100000000009,0.0478,0.0058,7.0635,180647.26,211123.73,1142.59,0.0527,0.9338,0.0664,-0.0118,-0.5543,0.1026,0.1127,0,0,0,Moderate Risk,Declining
BANK OF BARODA,2026,134298.12,19846.43,24944.689999999995,0.1197,0.0094,11.1305,1846191.7,2101484.88,33426.12,0.2489,1.6842,0.0326,0.0497,-0.042,0.1288,0.1309,0,0,0,Moderate Risk,Stable / Low Growth
BANK OF INDIA,2026,75613.28,10306.3,13772.679999999991,0.1146,0.0087,11.6676,1049599.3,1179538.14,4752.86,0.0629,0.4612,0.0437,0.0604,0.0794,0.1165,0.1122,0,0,0,Moderate Risk,Stable / Low Growth
BANNARI AMMAN SUGARS LTD,2026,1916.67,147.92,869.2900000000002,0.0773,0.0686,0.0048,9.25,2157.18,514.23,0.2683,3.4764,1.3688,0.069,0.4132,-0.0309,-0.9383,0,0,0,Healthy,Stable / Low Growth
BANSAL WIRE INDUSTRIES LTD,2026,4159.79,160.94,87.85000000000025,0.1125,0.0639,0.3877,554.66,2516.85,333.08,0.0801,2.0696,0.0125,0.1861,0.1128,0.1607,-0.0878,0,0,0,Healthy,Stable / Low Growth
BASF INDIA LTD,2026,14985.4,416.92,838.5300000000008,0.1048,0.051,0.0333,132.38,8181.49,-100.96,-0.0067,-0.2422,6.5497,0.0117,-0.1648,-0.0179,-0.1555,0,0,0,Healthy,Stable / Low Growth
BATA INDIA LTD,2026,3515.5,134.2,381.6999999999994,0.0841,0.0355,0.869,1386.57,3778.45,594.88,0.1692,4.4328,0.3578,0.0077,-0.5941,-0.0116,-0.0414,0,0,0,Healthy,Stable / Low Growth
BAYER CROPSCIENCE LTD,2026,5675.0,689.2,864.8999999999996,0.2324,0.1209,0.0276,81.8,5699.4,1078.5,0.19,1.5649,17.1715,0.0368,0.2134,0.0864,-0.2217,0,0,0,Healthy,Stable / Low Growth
BELRISE INDUSTRIES LTD,2026,7528.33,478.4,615.7500000000002,0.0941,0.0608,0.2433,1236.76,7872.96,816.54,0.1085,1.7068,0.6343,0.1417,0.4389,0.2079,-0.5429,0,0,0,Healthy,Stable / Low Growth
BEML LTD,2026,4350.53,141.36,117.08000000000033,0.0482,0.0202,0.1053,308.84,7010.56,118.23,0.0272,0.8364,0.1197,0.0816,-0.5168,0.1599,0.3508,0,0,0,Healthy,Stable / Low Growth
BENGAL & ASSAM COMPANY LTD,2026,2376.85,823.31,309.57000000000005,0.077,0.0661,0.0601,642.33,12450.04,252.34,0.1062,0.3065,0.1767,0.0867,0.1243,0.0982,0.1555,0,0,0,Healthy,Stable / Low Growth
BERGER PAINTS INDIA LTD,2026,11880.25,1126.87,1339.340000000001,0.1629,0.1123,0.0918,635.13,10035.44,1540.04,0.1296,1.3667,0.4799,0.0291,-0.0453,0.0998,-0.0524,0,0,0,Healthy,Stable / Low Growth
BHAGIRADHA CHEMICALS & INDUSTRIES LTD,2026,535.94,18.17,7.01000000000009,0.026,0.0162,0.336,234.63,1120.2,12.01,0.0224,0.661,0.0803,0.2167,0.311,0.2005,1.6387,0,0,0,Healthy,Revenue Growth Only
BHANSALI ENGINEERING POLYMERS LTD,2026,1276.0,180.16,224.01000000000005,0.1663,0.1402,0.0,0.0,1285.26,168.12,0.1318,0.9332,441.67,-0.0871,0.0008,0.1644,0.0,0,0,0,Healthy,Declining
BHARAT COKING COAL LTD,2026,13644.78,128.28,-1839.72,0.0222,0.0061,0.3879,2241.74,20859.17,-640.64,-0.047,-4.9941,0.4517,-0.1428,-0.8966,0.1825,8.6142,0,0,0,Healthy,Declining
BHARAT DYNAMICS LTD,2026,2441.79,420.34,-978.2999999999996,0.0991,0.0295,0.0001,0.32,14261.5,604.0,0.2474,1.4369,3567.6591,-0.27,-0.2353,0.2072,-0.9515,0,0,0,Healthy,Declining
BHARAT ELECTRONICS LTD,2026,27610.11,6062.0,6859.200000000002,0.2527,0.1361,0.0027,65.46,44527.19,1541.37,0.0558,0.2543,128.9803,0.1616,0.1392,0.0907,0.0691,0,0,0,Healthy,Stable / Low Growth
BHARAT FORGE LTD,2026,16811.65,1079.66,1132.74,0.1127,0.0485,0.7629,7308.62,22238.43,1486.64,0.0884,1.377,0.1354,0.1117,0.1472,0.1137,0.0911,0,0,0,Healthy,Stable / Low Growth
BHARAT PETROLEUM CORPORATION LTD,2026,455228.03,25843.45,33029.539999999986,0.258,0.1039,0.5433,54424.42,248616.03,50768.99,0.1115,1.9645,0.3263,0.034,0.9378,0.1384,-0.1093,0,0,0,Healthy,Stable / Low Growth
BHARTI AIRTEL LTD,2026,210972.8,26695.2,45172.70000000001,0.1791,0.0489,1.311,195411.7,545372.7,122229.6,0.5794,4.5787,0.1554,0.2196,-0.2045,0.0799,-0.0853,0,0,0,Healthy,Revenue Growth Only
BHARTI HEXACOM LTD,2026,9353.8,1733.2,2266.099999999999,0.2419,0.091,0.8565,6137.3,19050.6,4464.0,0.4772,2.5756,0.0099,0.0943,0.1604,-0.0104,-0.1653,0,0,0,Healthy,Stable / Low Growth
BIKAJI FOODS INTERNATIONAL LTD,2026,2817.18,269.07,357.66999999999985,0.1608,0.1313,0.1296,216.92,2049.76,293.63,0.1042,1.0913,1.1366,0.1088,0.2833,0.1695,0.2233,0,0,0,Healthy,Stable / Low Growth
BILLIONBRAINS GARAGE VENTURES LTD,2026,4644.58,2083.0,2821.42,0.2158,0.1125,0.0303,292.22,18510.63,-20.6,-0.0044,-0.0099,28.4389,0.1437,0.1418,0.8371,-0.5212,0,0,0,Healthy,Stable / Low Growth
BIOCON LTD,2026,16927.0,385.6,-1451.099999999998,0.0113,0.0061,0.4535,15434.1,63408.9,1994.0,0.1178,5.1712,0.2069,0.1091,-0.6195,0.0832,-0.1595,0,0,0,Healthy,Stable / Low Growth
BIRLA CORPORATION LTD,2026,9655.61,557.59,693.3299999999999,0.0757,0.0383,0.4604,3390.72,14550.34,950.44,0.0984,1.7045,0.0398,0.0479,0.8887,0.0132,-0.0281,0,0,0,Healthy,Stable / Low Growth
BIRLASOFT LTD,2026,5309.96,518.36,801.7699999999996,0.126,0.0984,0.0342,140.74,5266.26,480.94,0.0906,0.9278,3.2872,-0.0121,0.0031,0.1801,-0.0679,0,0,0,Healthy,Declining
BLACK BOX LTD,2026,6321.85,217.52,8.619999999999344,0.169,0.0507,0.8959,1153.0,4293.7,83.95,0.0133,0.3859,0.4679,0.0595,0.0622,0.3976,0.2239,0,0,0,Healthy,Stable / Low Growth
BLISS GVS PHARMA LTD,2026,927.11,129.13,144.71000000000004,0.1082,0.0865,0.0182,21.75,1492.42,138.72,0.1496,1.0743,7.3349,0.145,0.5318,0.1469,-0.7531,0,0,0,Healthy,Stable / Low Growth
BLUE STAR LTD,2026,12401.99,527.68,494.8100000000015,0.1538,0.0616,0.2361,809.99,8566.72,153.81,0.0124,0.2915,0.4958,0.0363,-0.1075,0.0386,1.126,0,0,0,Healthy,Stable / Low Growth
BLUESTONE JEWELLERY & LIFESTYLE LTD,2026,2436.42,14.84,-1635.0599999999995,0.0082,0.003,0.9436,1699.09,4961.01,-199.09,-0.0817,-13.4158,0.301,0.3765,-1.0669,0.4045,-0.1127,0,0,0,Healthy,Revenue Growth Only
BONDADA ENGINEERING LTD,2026,2842.81,203.48,-331.7800000000006,0.2932,0.0997,0.4213,292.42,2041.62,124.57,0.0438,0.6122,0.8913,0.8091,0.8187,0.71,0.6102,0,0,0,Healthy,Quality Growth
BOROSIL LTD,2026,1195.92,74.66,64.54000000000003,0.0842,0.0582,0.167,148.08,1281.74,118.83,0.0994,1.5916,0.0215,0.097,0.0058,0.1333,0.5912,0,0,0,Healthy,Stable / Low Growth
BOROSIL RENEWABLES LTD,2026,1529.98,20.74,81.14999999999992,0.0138,0.0114,0.1077,162.14,1816.48,424.51,0.2775,20.4682,0.2923,0.382,-0.3803,0.1997,-0.3539,0,0,0,Healthy,Revenue Growth Only
BOSCH HOME COMFORT INDIA LTD,2026,2698.69,-2.65,-14.699999999999743,-0.0053,-0.0014,0.1632,81.68,1915.45,113.43,0.042,-42.8038,0.6841,-0.021,-1.045,0.0646,0.9429,0,0,0,Moderate Risk,Declining
BOSCH LTD,2026,20034.7,2773.2,3466.5,0.1868,0.1279,0.008,118.8,21679.7,2175.3,0.1086,0.7844,3.3606,0.1077,0.3761,0.0711,0.0042,0,0,0,Healthy,Stable / Low Growth
BRIGADE ENTERPRISES LTD,2026,5697.22,644.39,-4232.380000000002,0.0945,0.0246,0.9302,6343.95,26204.22,-137.06,-0.0241,-0.2127,0.4232,0.1228,-0.0603,0.187,0.1611,0,0,0,Healthy,Stable / Low Growth
BRITANNIA INDUSTRIES LTD,2026,19151.59,2533.49,3244.0399999999986,0.4961,0.2604,0.2703,1380.28,9730.32,2611.6,0.1364,1.0308,0.2552,0.0674,0.1628,0.1011,0.1073,0,0,0,Healthy,Stable / Low Growth
BROOKFIELD INDIA REAL ESTATE TRUST,2026,2971.14,481.23,758.4200000000001,0.0247,0.0122,0.8495,16582.62,39415.63,2285.42,0.7692,4.7491,0.0462,0.2432,1.6046,0.4825,0.8256,0,0,0,Healthy,Revenue Growth Only
BSE LTD,2026,5124.25,2496.98,3311.09,0.3742,0.1857,0.0,0.02,13446.14,3103.72,0.6057,1.243,5071.3725,0.5953,0.8832,0.3002,0.0,0,0,0,Healthy,Quality Growth
C.E. INFO SYSTEMS LTD,2026,474.1,134.16,187.17000000000004,0.1483,0.1292,0.0078,7.04,1038.32,93.33,0.1969,0.6957,10.4279,0.0234,-0.0885,0.1001,-0.7642,0,0,0,Healthy,Stable / Low Growth
CALIBER MINING AND LOGISTICS LTD,2026,1677.66,157.9,217.4600000000001,0.2438,0.076,1.7304,1120.49,2077.39,411.04,0.245,2.6032,0.0875,0.1729,0.2003,0.0,0.0,0,0,0,Healthy,Stable / Low Growth
CAMPUS ACTIVEWEAR LTD,2026,1774.12,150.09,56.09,0.1656,0.1006,0.2606,236.16,1491.26,134.77,0.076,0.8979,0.0167,0.1137,0.2386,0.123,0.0167,0,0,0,Healthy,Stable / Low Growth
CANARA BANK,2026,126371.2,17872.87,24681.45999999999,0.1518,0.0095,14.6436,1723621.08,1887325.11,7941.94,0.0628,0.4444,0.0295,0.0392,0.019,0.0893,0.1148,0,0,0,Moderate Risk,Stable / Low Growth
CANARA HSBC LIFE INSURANCE COMPANY LTD,2026,11555.93,126.61,140.77999999999898,0.0789,0.0026,0.1557,250.0,48056.67,3533.5,0.3058,27.9085,2.4435,0.079,0.0823,0.1198,0.0,0,0,0,Healthy,Stable / Low Growth
CANARA ROBECO ASSET MANAGEMENT COMPANY LTD,2026,453.85,203.8,274.63000000000005,0.2733,0.249,0.0236,17.59,818.61,172.28,0.3796,0.8453,0.1178,0.1238,0.0687,0.2145,0.1211,0,0,0,Healthy,Stable / Low Growth
CAPILLARY TECHNOLOGIES INDIA LTD,2026,734.6,52.39,51.11000000000007,0.0512,0.0403,0.0524,53.61,1298.62,149.91,0.2041,2.8614,6.5748,0.2279,2.945,0.5495,-0.4962,0,0,0,Healthy,Revenue Growth Only
CAPLIN POINT LABORATORIES LTD,2026,2187.19,641.24,675.3500000000003,0.1788,0.1585,0.0013,4.61,4045.48,523.23,0.2392,0.816,110.7023,0.1289,0.1957,0.2611,-0.9792,0,0,0,Healthy,Stable / Low Growth
CAPRI GLOBAL CAPITAL LTD,2026,4731.14,949.15,1257.4100000000003,0.1318,0.029,3.3473,24112.1,32676.0,-8727.78,-1.8448,-9.1954,0.088,0.4568,0.9835,0.5686,0.5479,0,0,0,Healthy,Revenue Growth Only
CARBORUNDUM UNIVERSAL LTD,2026,5206.31,194.72,95.2900000000004,0.0499,0.0369,0.1058,412.53,5271.11,367.36,0.0706,1.8866,1.6938,0.0638,-0.3348,0.1509,0.9067,0,0,0,Healthy,Stable / Low Growth
CARE RATINGS LTD,2026,473.07,171.18,235.36,0.1836,0.155,0.0281,26.18,1104.57,147.57,0.3119,0.8621,4.7469,0.1759,0.2473,0.1533,0.1014,0,0,0,Healthy,Stable / Low Growth
CARTRADE TECH LTD,2026,779.27,223.0,289.81999999999994,0.0898,0.0741,0.0565,140.43,3009.2,256.99,0.3298,1.1524,0.2914,0.2155,0.6561,0.1124,0.0689,0,0,0,Healthy,Revenue Growth Only
CARYSIL LTD,2026,923.95,98.19,109.42000000000006,0.1614,0.0942,0.4504,274.04,1042.18,108.67,0.1176,1.1067,0.213,0.1329,0.5405,0.0577,-0.0087,0,0,0,Healthy,Stable / Low Growth
CCL PRODUCTS (INDIA) LTD,2026,4457.37,388.1,395.1900000000002,0.1655,0.0897,0.5649,1324.36,4326.29,858.29,0.1926,2.2115,0.1641,0.4352,0.2506,0.0201,-0.2702,0,0,0,Healthy,Quality Growth
CEAT LTD,2026,15678.0,698.02,861.5299999999997,0.1383,0.0502,0.6485,3272.09,13902.24,1785.55,0.1139,2.558,0.0132,0.1861,0.4769,0.2399,0.5316,0,0,0,Healthy,Stable / Low Growth
CEIGALL INDIA LTD,2026,4022.4,311.89,412.7000000000001,0.1459,0.0565,0.6132,1311.14,5523.36,-91.28,-0.0227,-0.2927,0.2886,0.1704,0.0608,0.3003,-0.0615,0,0,0,Healthy,Stable / Low Growth
CELLO WORLD LTD,2026,2323.71,331.51,470.7600000000001,0.1227,0.1104,0.0141,38.11,3002.11,255.06,0.1098,0.7694,3.2669,0.0877,-0.0907,0.1371,6.2042,0,0,0,Healthy,Stable / Low Growth
CEMINDIA PROJECTS LTD,2026,10060.58,597.73,817.6200000000009,0.2491,0.0843,0.4173,1001.23,7086.45,499.78,0.0497,0.8361,0.9467,0.0881,0.6034,0.211,0.0088,0,0,0,Healthy,Stable / Low Growth
CENTRAL BANK OF INDIA,2026,36167.69,4523.79,6596.5400000000045,0.116,0.0082,12.8278,500298.2,551079.14,2803.98,0.0775,0.6198,0.0351,0.0701,0.1499,0.147,0.1499,0,0,0,Moderate Risk,Stable / Low Growth
CENTRAL DEPOSITORY SERVICES (INDIA) LTD,2026,1144.92,456.13,608.9900000000001,0.2327,0.1886,0.0011,2.2,2418.76,466.62,0.4076,1.023,25.9594,0.0579,-0.1339,0.1187,-0.2617,0,0,0,Healthy,Stable / Low Growth
CENTRAL MINE PLANNING & DESIGN INSTITUTE LTD,2026,2316.53,613.18,823.6400000000004,0.2686,0.1881,0.0006,1.45,3259.18,716.42,0.3093,1.1684,583.6735,0.1017,-0.0806,0.2145,0.2609,0,0,0,Healthy,Stable / Low Growth
CENTUM ELECTRONICS LTD,2026,952.75,-46.65,-93.89999999999992,-0.1359,-0.0358,0.3598,123.48,1302.71,60.4,0.0634,-1.2947,0.9649,0.287,-19.9634,0.051,-0.3409,0,0,0,Moderate Risk,Revenue Growth Only
CENTURY PLYBOARDS (INDIA) LTD,2026,5397.18,262.7,255.42000000000056,0.1007,0.0515,0.6762,1764.88,5103.53,457.04,0.0847,1.7398,0.0334,0.192,0.4175,0.1172,0.1126,0,0,0,Healthy,Stable / Low Growth
CERA SANITARYWARE LTD,2026,2050.12,204.19,294.3899999999998,0.1387,0.1043,0.0317,46.7,1958.2,211.89,0.1034,1.0377,1.0075,0.0704,-0.1716,0.0637,-0.264,0,0,0,Healthy,Stable / Low Growth
CESC LTD,2026,18570.0,1542.0,2119.0,0.1231,0.0332,1.7295,21671.0,46470.0,4057.0,0.2185,2.631,0.2571,0.0923,0.1264,0.1339,0.2054,0,0,0,Healthy,Stable / Low Growth
CG POWER & INDUSTRIAL SOLUTIONS LTD,2026,12417.95,1206.27,1239.0600000000013,0.1513,0.0954,0.0149,118.39,12643.94,702.45,0.0566,0.5823,8.6068,0.2532,0.2377,0.7057,1.8897,0,0,0,Healthy,Quality Growth
CHALET HOTELS LTD,2026,2769.75,645.11,1544.76,0.1745,0.0883,0.6403,2367.67,7308.63,1066.86,0.3852,1.6538,0.1302,0.6124,3.5249,0.0327,-0.0908,0,0,0,Healthy,Quality Growth
CHAMBAL FERTILISERS & CHEMICALS LTD,2026,20793.66,1953.39,1677.7899999999977,0.1877,0.1356,0.1026,1067.5,14402.44,137.77,0.0066,0.0705,0.5216,0.2492,0.1842,0.2626,9.809,0,0,0,Healthy,Quality Growth
CHENNAI PETROLEUM CORPORATION LTD,2026,63147.65,3102.7,2865.990000000017,0.2793,0.1545,0.1768,1964.16,20084.7,2944.96,0.0466,0.9492,0.6395,0.0706,13.4925,0.1739,-0.3699,0,0,0,Healthy,Stable / Low Growth
CHOICE INTERNATIONAL LTD,2026,1119.13,217.66,316.39,0.1302,0.061,0.543,907.65,3565.99,-267.05,-0.2386,-1.2269,0.5711,0.215,0.3377,0.3634,0.3358,0,0,0,Healthy,Quality Growth
CHOLAMANDALAM FINANCIAL HOLDINGS LTD,2026,39155.6,2441.29,7325.920000000001,0.158,0.0091,13.6145,210400.03,268330.51,-30032.77,-0.767,-12.302,0.0712,0.1795,0.1231,0.1946,0.2067,0,0,0,Moderate Risk,Stable / Low Growth
CIAN AGRO INDUSTRIES & INFRASTRUCTURE LTD,2026,2234.35,222.69,257.63,0.1034,0.0525,0.5565,1199.03,4244.66,375.09,0.1679,1.6844,0.0204,1.1714,4.4103,0.0145,-0.0778,0,0,0,Healthy,Quality Growth
CIPLA LTD,2026,28162.59,3879.23,3735.870000000004,0.1127,0.0916,0.0178,613.77,42342.71,3940.02,0.1399,1.0157,2.1267,0.0223,-0.2643,0.1342,0.4007,0,0,0,Healthy,Stable / Low Growth
CITIUS TRANSNET INVESTMENT TRUST,2026,0.0,-3.15,-3.1500000000000004,0.0,0.0,0.0,0.0,0.0,-1.0,0.0,0.3175,0.0,-1.0,-0.9925,-1.0,-1.0,1,0,0,Moderate Risk,Declining
CITY UNION BANK LTD,2026,6869.76,1326.23,1671.2299999999996,0.1255,0.0137,7.9163,83634.75,97024.4,802.47,0.1168,0.6051,0.0631,0.1775,0.1803,0.2499,0.2731,0,0,0,Moderate Risk,Stable / Low Growth
CLEAN MAX ENVIRO ENERGY SOLUTIONS LTD,2026,1912.87,94.13,134.97999999999988,0.0203,0.0042,2.7347,12684.32,22555.03,1731.24,0.905,18.392,0.1804,0.2789,2.3811,0.7317,0.5684,0,0,0,Healthy,Revenue Growth Only
CLEAN SCIENCE & TECHNOLOGY LTD,2026,956.55,229.66,304.7899999999999,0.145,0.1288,0.0014,2.14,1782.9,274.52,0.287,1.1953,8.9841,-0.0104,-0.1314,0.1147,0.0047,0,0,0,Healthy,Declining
CMR GREEN TECHNOLOGIES LTD,2026,8640.19,212.4,234.81000000000023,0.1387,0.0548,0.9312,1425.98,3872.61,-409.95,-0.0474,-1.9301,0.0062,0.2961,0.4909,0.3765,0.5416,0,0,0,Healthy,Quality Growth
CMS INFO SYSTEMS LTD,2026,2487.18,303.39,467.36000000000007,0.1247,0.0937,0.091,221.38,3238.17,389.59,0.1566,1.2841,0.6952,0.0258,-0.1854,0.0379,0.0,0,0,0,Healthy,Stable / Low Growth
COAL INDIA LTD,2026,168400.29,31094.29,36266.09,0.2611,0.1089,0.1182,14072.18,285660.27,43214.6,0.2566,1.3898,3.7358,0.1746,-0.1206,0.103,0.5387,0,0,0,Healthy,Stable / Low Growth
COCHIN SHIPYARD LTD,2026,5021.87,716.74,1013.4600000000004,0.122,0.0493,0.2847,1671.75,14530.65,-1234.08,-0.2457,-1.7218,1.4383,0.0419,-0.1337,0.0849,1.9831,0,0,0,Healthy,Stable / Low Growth
COFORGE LTD,2026,16402.7,1555.7,2002.9999999999984,0.1631,0.1048,0.0763,727.8,14846.1,1791.7,0.1092,1.1517,1.5082,0.3586,0.9157,0.2097,-0.3201,0,0,0,Healthy,Quality Growth
COHANCE LIFESCIENCES LTD,2026,2268.55,179.23,121.52000000000056,0.0458,0.0313,0.1024,400.49,5729.64,368.32,0.1624,2.055,0.1486,0.8943,-0.3309,0.8902,0.4351,0,0,0,Healthy,Revenue Growth Only
COLGATE-PALMOLIVE (INDIA) LTD,2026,6035.04,1325.31,1829.76,0.8366,0.3889,0.0299,47.41,3408.22,1806.3,0.2993,1.3629,30.3413,-0.0008,-0.0776,0.1291,-0.2207,0,0,0,Healthy,Declining
COMPUTER AGE MANAGEMENT SERVICES LTD,2026,1412.26,437.1,584.19,0.3617,0.2828,0.0449,54.31,1545.75,577.73,0.4091,1.3217,6.7057,0.0587,-0.0089,0.061,-0.256,0,0,0,Healthy,Stable / Low Growth
CONCORD BIOTECH LTD,2026,1055.07,263.27,210.21,0.1303,0.1177,0.0003,0.63,2236.53,263.78,0.25,1.0019,5.6933,-0.1208,-0.2941,0.0995,-0.7879,0,0,0,Healthy,Declining
CONTAINER CORPORATION OF INDIA LTD,2026,9078.97,1241.8,1620.8999999999996,0.0959,0.0818,0.0745,964.57,15175.66,1482.23,0.1633,1.1936,3.6117,0.0216,-0.0364,0.0483,0.1197,0,0,0,Healthy,Stable / Low Growth
COROMANDEL INTERNATIONAL LTD,2026,31479.54,1956.15,-214.0399999999977,0.1558,0.08,0.1199,1506.19,24461.08,1557.54,0.0495,0.7962,0.3276,0.307,-0.0534,0.2931,0.9301,0,0,0,Healthy,Revenue Growth Only
CORONA REMEDIES LTD,2026,1403.18,184.85,254.25000000000023,0.2478,0.1535,0.221,164.85,1204.25,229.48,0.1635,1.2414,0.266,0.1728,0.2402,0.296,0.9115,0,0,0,Healthy,Stable / Low Growth
CRAFTSMAN AUTOMATION LTD,2026,8069.27,383.99,287.4399999999998,0.1176,0.0428,1.1101,3623.48,8978.3,521.68,0.0647,1.3586,0.0493,0.418,0.9735,0.2616,0.5366,0,0,0,Healthy,Revenue Growth Only
CREDITACCESS GRAMEEN LTD,2026,6058.92,777.64,1033.1999999999998,0.0992,0.0244,3.0146,23641.13,31929.84,-2770.36,-0.4572,-3.5625,0.0561,0.0533,0.4634,0.1485,0.1563,0,0,0,Healthy,Stable / Low Growth
CRIZAC LTD,2026,1042.16,219.14,287.22,0.3749,0.2503,0.0031,1.84,875.58,144.14,0.1383,0.6578,58.1127,0.2268,0.4329,-0.0025,22.0,0,0,0,Healthy,Quality Growth
CROMPTON GREAVES CONSUMER ELECTRICALS LTD,2026,7193.23,-243.31,203.44999999999868,-0.0766,-0.0431,0.0603,191.52,5642.11,637.42,0.0886,-2.6198,0.8832,0.0235,-1.432,-0.052,-0.5893,0,0,0,Moderate Risk,Stable / Low Growth
CSB BANK LTD,2026,4505.19,633.18,851.1599999999996,0.1294,0.011,10.5021,51400.36,57726.52,-313.65,-0.0696,-0.4954,0.0752,0.2524,0.0663,0.2068,0.2121,0,0,0,Moderate Risk,Revenue Growth Only
CUBE HIGHWAYS TRUST,2026,4238.89,216.55,324.67999999999984,0.0221,0.0074,1.8057,17664.71,29352.88,3802.95,0.8972,17.5615,0.0461,0.2817,-7.0607,0.0507,0.1687,0,0,0,Healthy,Revenue Growth Only
CUMMINS INDIA LTD,2026,12143.19,2361.75,2874.650000000001,0.2787,0.2089,0.0043,36.51,11304.21,1734.26,0.1428,0.7343,63.2917,0.1687,0.1809,0.1117,0.231,0,0,0,Healthy,Stable / Low Growth
CUPID LTD,2026,391.4,108.26,96.11999999999996,0.2401,0.1956,0.1251,56.38,553.49,46.12,0.1178,0.426,3.2494,1.1387,1.645,0.4877,1.9689,0,0,0,Healthy,Quality Growth
CYIENT DLM LTD,2026,1261.49,73.28,28.000000000000007,0.0724,0.0446,0.1702,172.27,1642.19,53.9,0.0427,0.7355,0.726,-0.1699,0.0764,-0.0305,-0.4281,0,0,0,Healthy,Declining
CYIENT LTD,2026,7268.2,427.9,591.3000000000005,0.0753,0.0519,0.0759,431.1,8250.3,787.4,0.1083,1.8401,3.486,-0.0125,-0.305,0.0825,-0.1603,0,0,0,Healthy,Declining
D B CORP LTD,2026,2355.52,332.0,447.33000000000015,0.1367,0.1039,0.108,262.22,3196.59,365.21,0.155,1.1,3.3285,0.007,-0.1051,0.0465,-0.0734,0,0,0,Healthy,Stable / Low Growth
D.P. ABHUSHAN LTD,2026,4065.13,211.84,-2.0500000000004546,0.3349,0.1854,0.4585,290.04,1142.62,-97.31,-0.0239,-0.4594,0.0885,0.2293,0.8797,0.3646,0.577,0,0,0,Healthy,Quality Growth
DABUR INDIA LTD,2026,13192.57,1895.03,2255.87,0.1659,0.1084,0.1127,1287.32,17479.91,2578.62,0.1955,1.3607,0.4363,0.0501,0.0721,0.077,0.3545,0,0,0,Healthy,Stable / Low Growth
DALMIA BHARAT LTD,2026,14804.0,1139.0,1477.0,0.0634,0.0342,0.4119,7406.0,33259.0,2278.0,0.1539,2.0,0.0302,0.0589,0.6676,0.1023,0.2988,0,0,0,Healthy,Stable / Low Growth
DALMIA BHARAT SUGAR & INDUSTRIES LTD,2026,3617.28,236.71,277.43000000000023,0.073,0.0429,0.5561,1803.17,5521.01,219.42,0.0607,0.927,0.1839,-0.0289,-0.3524,0.1877,0.727,0,0,0,Healthy,Declining
DATA PATTERNS (INDIA) LTD,2026,924.77,271.37,431.2199999999999,0.1563,0.1407,0.003,5.27,1929.22,80.15,0.0867,0.2954,14.9649,0.3055,0.2234,0.049,-0.1459,0,0,0,Healthy,Quality Growth
DATAMATICS GLOBAL SERVICES LTD,2026,1987.15,194.21,260.0900000000001,0.1258,0.0825,0.1431,220.93,2355.07,323.99,0.163,1.6682,0.6915,0.1531,-0.0527,0.1452,0.1633,0,0,0,Healthy,Stable / Low Growth
DCB BANK LTD,2026,7404.47,731.56,976.97,0.1119,0.0083,12.0382,78669.71,88069.48,6639.89,0.8967,9.0763,0.0391,0.1443,0.1889,0.1466,0.1377,0,0,0,Moderate Risk,Stable / Low Growth
DCM SHRIRAM LTD,2026,13538.15,853.44,1083.9600000000005,0.1107,0.0605,0.379,2923.17,14114.58,1233.8,0.0911,1.4457,0.2922,0.121,0.4123,0.1087,0.156,0,0,0,Healthy,Stable / Low Growth
DDEV PLASTIKS INDUSTRIES LTD,2026,2947.87,201.82,241.0099999999996,0.1992,0.1398,0.0561,56.83,1443.72,84.51,0.0287,0.4187,0.7501,0.1324,0.088,0.2504,0.2277,0,0,0,Healthy,Stable / Low Growth
DECCAN GOLD MINES LTD,2026,14.2,-52.6,-76.17,-0.1061,-0.0935,0.1029,51.02,562.8,-52.33,-3.6852,0.9949,0.2353,2.7173,0.6037,0.4029,-0.6556,0,0,0,Moderate Risk,Revenue Growth Only
DEE DEVELOPMENT ENGINEERS LTD,2026,1142.0,77.36,60.45000000000001,0.0869,0.0402,0.7923,705.41,1923.73,19.55,0.0171,0.2527,0.1194,0.3803,0.7731,0.2072,0.6379,0,0,0,Healthy,Revenue Growth Only
DEEP INDUSTRIES LTD,2026,890.71,179.94,139.67000000000007,0.09,0.0693,0.1015,202.98,2594.99,270.09,0.3032,1.501,0.2588,0.546,-2.9971,0.0877,-0.0116,0,0,0,Healthy,Revenue Growth Only
DEEPAK FERTILISERS & PETROCHEMICALS CORP LTD,2026,11506.03,737.25,588.3800000000028,0.1077,0.0447,0.8284,5670.28,16487.76,206.23,0.0179,0.2797,0.0946,0.1199,-0.2103,0.2776,0.3656,0,0,0,Healthy,Stable / Low Growth
DEEPAK NITRITE LTD,2026,7887.07,550.53,646.5899999999986,0.0943,0.0636,0.2806,1637.72,8654.49,538.95,0.0683,0.979,0.1642,-0.0477,-0.2104,0.1227,0.2926,0,0,0,Healthy,Declining
DELHIVERY LTD,2026,10508.31,152.68,140.41999999999894,0.0158,0.0119,0.151,1462.57,12776.84,911.46,0.0867,5.9697,0.1669,0.1765,-0.0582,0.0592,0.0288,0,0,0,Healthy,Stable / Low Growth
DEVYANI INTERNATIONAL LTD,2026,5611.48,-38.63,-56.869999999999706,-0.0251,-0.0057,2.4861,3833.15,6749.97,926.52,0.1651,-23.9845,0.1291,0.1334,-5.2219,0.2644,0.2025,0,0,0,Moderate Risk,Stable / Low Growth
DHANUKA AGRITECH LTD,2026,2019.79,287.23,253.75999999999988,0.1708,0.1366,0.0182,30.64,2102.02,196.2,0.0971,0.6831,0.622,-0.0075,-0.0328,0.1677,-0.5872,0,0,0,Healthy,Declining
DHENU BUILDCON INFRA LTD,2026,0.83,-1.19,-0.5,-0.0014,-0.0012,0.1901,160.0,1001.94,-0.99,-1.1928,0.8319,0.0002,82.0,1.975,-0.001,-0.84,0,0,0,Moderate Risk,Revenue Growth Only
DHOOT TRANSMISSION LTD,2026,4524.96,396.65,363.6699999999994,0.1629,0.0964,0.3772,918.29,4114.83,347.66,0.0768,0.8765,1.1921,0.3135,0.1208,0.7585,0.1268,0,0,0,Healthy,Quality Growth
DIAMOND POWER INFRASTRUCTURE LTD,2026,1944.47,147.57,9.0600000000002,-0.2401,0.0629,-4.0022,2459.59,2347.66,-12.15,-0.0062,-0.0823,0.0187,0.7433,3.2478,0.3152,4.3155,0,0,0,Moderate Risk,Revenue Growth Only
DILIP BUILDCON LTD,2026,8983.93,1302.37,1320.710000000001,0.1907,0.0689,1.1775,8041.43,18908.18,1204.2,0.134,0.9246,0.0407,-0.2061,1.0323,-0.0407,-0.1558,0,0,0,Healthy,Declining
DISHMAN CARBOGEN AMCIS LTD,2026,2931.9,97.45,-53.22000000000013,0.0146,0.0082,0.4607,3076.06,11923.31,491.45,0.1676,5.0431,0.3221,0.0813,29.0772,0.1939,0.2876,0,0,0,Healthy,Stable / Low Growth
DIVGI TORQTRANSFER SYSTEMS LTD,2026,352.89,46.93,46.58999999999995,0.0739,0.0642,0.0028,1.77,731.42,41.08,0.1164,0.8753,106.3249,0.612,0.9241,0.1024,0.6542,0,0,0,Healthy,Revenue Growth Only
DIVIS LABORATORIES LTD,2026,10560.0,2568.0,2818.0,0.1532,0.1283,0.0004,7.0,20019.0,2738.0,0.2593,1.0662,426.75,0.1282,0.1721,0.1831,0.75,0,0,0,Healthy,Stable / Low Growth
DIXON TECHNOLOGIES (INDIA) LTD,2026,48872.8,1438.64,1704.1600000000055,0.3076,0.0751,0.2126,994.22,19161.64,1782.29,0.0365,1.2389,0.9456,0.2577,0.3132,0.1434,0.4818,0,0,0,Healthy,Quality Growth
DODLA DAIRY LTD,2026,4125.2,267.0,364.9199999999997,0.1595,0.128,0.034,56.99,2085.82,294.86,0.0715,1.1043,4.1031,0.1089,0.0272,0.2052,0.3432,0,0,0,Healthy,Stable / Low Growth
DOMS INDUSTRIES LTD,2026,2326.37,230.18,279.6399999999995,0.1887,0.1345,0.1158,141.26,1711.93,254.34,0.1093,1.105,0.4343,0.2163,0.1376,0.1327,-0.333,0,0,0,Healthy,Quality Growth
DR AGARWALS HEALTH CARE LTD,2026,2080.08,133.19,227.74000000000004,0.0658,0.0338,0.5264,1066.2,3941.75,518.99,0.2495,3.8966,0.1211,0.2157,0.5959,0.0756,0.1096,0,0,0,Healthy,Revenue Growth Only
DR LAL PATHLABS LTD,2026,2762.91,504.78,669.0899999999995,0.2013,0.1608,0.0793,198.99,3139.97,635.61,0.2301,1.2592,4.5479,0.1225,0.0362,0.1572,0.264,0,0,0,Healthy,Stable / Low Growth
DR REDDYS LABORATORIES LTD,2026,33700.2,4196.0,4545.500000000001,0.1107,0.0742,0.2041,7734.1,56576.7,5673.7,0.1684,1.3522,0.4329,0.0324,-0.258,0.1781,0.6538,0,0,0,Healthy,Stable / Low Growth
DREDGING CORPORATION OF INDIA LTD,2026,1208.33,4.75,6.579999999999945,0.0039,0.0015,0.8839,1087.49,3065.71,142.4,0.1178,29.9789,0.1317,0.058,-1.173,0.1581,0.1783,0,0,0,Healthy,Stable / Low Growth
DYNAMATIC TECHNOLOGIES LTD,2026,1621.34,32.41,-6.3900000000002,0.0408,0.0175,0.8039,637.89,1849.53,95.34,0.0588,2.9417,0.1059,0.155,-0.247,0.1207,0.1167,0,0,0,Healthy,Stable / Low Growth
ECLERX SERVICES LTD,2026,4117.03,706.21,935.12,0.2757,0.191,0.1503,384.96,3697.02,873.47,0.2122,1.2368,1.9121,0.2232,0.3052,0.1778,0.0749,0,0,0,Healthy,Quality Growth
EICHER MOTORS LTD,2026,23407.56,5515.23,6562.800000000007,0.2197,0.1715,0.0205,513.95,32163.56,4804.84,0.2053,0.8712,0.4972,0.2404,0.1649,0.1836,0.1218,0,0,0,Healthy,Quality Growth
EID PARRY (INDIA) LTD,2026,38534.08,569.54,-791.4500000000075,0.065,0.0195,0.4025,3528.07,29211.55,1541.51,0.04,2.7066,0.3708,0.2191,-0.3516,0.1986,0.3047,0,0,0,Healthy,Revenue Growth Only
EIH LTD,2026,2939.63,628.28,948.72,0.1194,0.096,0.048,252.42,6547.57,992.93,0.3378,1.5804,3.6854,0.0716,-0.1503,0.1229,-0.0477,0,0,0,Healthy,Stable / Low Growth
ELECON ENGINEERING COMPANY LTD,2026,2366.05,341.15,357.1700000000001,0.1479,0.1055,0.1182,272.65,3233.68,314.22,0.1328,0.9211,0.7771,0.0625,-0.1781,0.1847,0.5044,0,0,0,Healthy,Stable / Low Growth
ELECTRONICS MART INDIA LTD,2026,7183.26,107.14,122.43000000000056,0.0659,0.0282,1.228,1996.98,3797.09,443.71,0.0618,4.1414,0.0249,0.0314,-0.3306,0.0271,0.0104,0,0,0,Healthy,Stable / Low Growth
ELECTROSTEEL CASTINGS LTD,2026,5918.02,161.44,494.02999999999946,0.0273,0.0171,0.2635,1561.06,9461.44,1146.63,0.1938,7.1025,0.213,-0.1915,-0.7725,-0.0241,-0.2655,0,0,0,Healthy,Declining
ELGI EQUIPMENTS LTD,2026,3950.7,430.2,491.3999999999997,0.1928,0.1216,0.2389,533.1,3538.0,453.5,0.1148,1.0542,1.3443,0.1254,0.2284,0.165,-0.0764,0,0,0,Healthy,Stable / Low Growth
ELLENBARRIE INDUSTRIAL GASES LTD,2026,341.58,104.4,134.36,0.1068,0.0804,0.1887,184.42,1298.95,132.55,0.388,1.2696,0.3892,0.0931,0.2535,0.5354,-0.2522,0,0,0,Healthy,Stable / Low Growth
ELPRO INTERNATIONAL LTD,2026,528.14,87.37,100.22,0.043,0.0241,0.5954,1208.96,3617.95,69.1,0.1308,0.7909,0.0337,0.3534,0.3216,0.0638,0.197,0,0,0,Healthy,Revenue Growth Only
EMAMI LTD,2026,3779.51,775.26,733.1499999999994,0.2651,0.2024,0.0554,161.92,3830.51,800.53,0.2118,1.0326,2.5156,-0.0078,-0.0387,0.0866,0.8033,0,0,0,Healthy,Declining
EMBASSY DEVELOPMENTS LTD,2026,1731.83,-872.65,-897.3199999999999,-0.0884,-0.0405,0.5393,5322.14,21537.86,44.48,0.0257,-0.051,0.1882,-0.2056,-5.372,0.0513,0.1585,0,0,0,Moderate Risk,Declining
EMBASSY OFFICE PARKS REIT,2026,4582.36,338.55,1133.5699999999997,0.0163,0.0067,1.0845,22535.31,50382.2,3521.73,0.7685,10.4024,0.0435,0.1345,-0.7916,0.0296,0.1292,0,0,0,Healthy,Stable / Low Growth
EMCURE PHARMACEUTICALS LTD,2026,9203.54,924.36,421.2200000000017,0.1867,0.0962,0.3147,1557.99,9612.48,943.55,0.1025,1.0208,0.0946,0.1656,0.3567,0.1836,0.5233,0,0,0,Healthy,Stable / Low Growth
EMMVEE PHOTOVOLTAIC POWER LTD,2026,5049.88,1081.55,65.17999999999986,0.2927,0.1874,0.0974,360.06,5772.49,200.14,0.0396,0.185,0.9795,1.1621,1.931,0.4749,-0.8257,0,0,0,Healthy,Quality Growth
EMUDHRA LTD,2026,701.58,107.79,126.30999999999996,0.1183,0.0888,0.0316,28.78,1213.44,132.85,0.1894,1.2325,2.1894,0.3508,0.2735,0.3978,0.0,0,0,0,Healthy,Quality Growth
ENDURANCE TECHNOLOGIES LTD,2026,14595.88,951.71,1019.8199999999993,0.1391,0.082,0.1939,1326.66,11611.1,1850.72,0.1268,1.9446,0.6589,0.2625,0.1379,0.2723,0.4059,0,0,0,Healthy,Quality Growth
ENERGY INFRASTRUCTURE TRUST,2026,3817.13,117.85,118.06000000000016,0.2379,0.0091,13.3246,6601.82,12931.73,1688.07,0.4422,14.3239,0.1341,-0.0195,12.1529,-0.0533,-0.0003,0,0,0,Moderate Risk,Declining
ENGINEERS INDIA LTD,2026,3928.18,691.59,894.49,0.2199,0.1178,0.0053,16.81,5869.44,319.02,0.0812,0.4613,76.5806,0.2722,0.1929,0.1147,-0.2407,0,0,0,Healthy,Quality Growth
ENTERO HEALTHCARE SOLUTIONS LTD,2026,6591.21,115.04,171.31999999999928,0.0681,0.032,0.401,677.16,3600.23,96.2,0.0146,0.8362,0.2386,0.2935,0.2132,0.3322,0.7578,0,0,0,Healthy,Revenue Growth Only
ENVIRO INFRA ENGINEERS LTD,2026,1145.6,182.95,249.63,0.1484,0.0896,0.3426,422.3,2042.23,-63.09,-0.0551,-0.3448,0.792,0.0746,0.0377,0.363,0.8039,0,0,0,Healthy,Stable / Low Growth
EPIGRAL LTD,2026,2527.18,333.01,219.9199999999996,0.1499,0.095,0.2575,572.04,3505.34,435.53,0.1723,1.3079,0.0095,-0.009,-0.0664,0.1123,-0.0346,0,0,0,Healthy,Declining
EPL LTD,2026,4763.1,388.9,257.80000000000035,0.1361,0.0794,0.3368,962.5,4899.8,722.9,0.1518,1.8588,0.2113,0.1305,0.0833,0.2397,0.1994,0,0,0,Healthy,Stable / Low Growth
EQUITAS SMALL FINANCE BANK LTD,2026,6794.24,103.08,128.12999999999988,0.0168,0.0017,8.5399,52305.64,60610.36,-3315.83,-0.488,-32.1675,0.1064,0.0764,-0.299,0.1471,0.1561,0,0,0,Moderate Risk,Stable / Low Growth
ERIS LIFESCIENCES LTD,2026,3129.42,619.52,595.3199999999998,0.1587,0.0841,0.6044,2358.62,7365.51,537.99,0.1719,0.8684,0.0285,0.0815,0.7608,0.0921,-0.0481,0,0,0,Healthy,Stable / Low Growth
ESAB INDIA LTD,2026,1508.15,206.69,274.0000000000003,0.4814,0.2957,0.0078,3.35,698.87,180.69,0.1198,0.8742,17.1885,0.0981,0.1783,0.0765,-0.1476,0,0,0,Healthy,Stable / Low Growth
ESCORTS KUBOTA LTD,2026,11540.26,2394.09,2668.9099999999994,0.1935,0.1516,0.0131,161.89,15791.98,1381.16,0.1197,0.5769,5.153,0.1266,0.8927,0.206,0.5392,0,0,0,Healthy,Stable / Low Growth
ETERNAL LTD,2026,54364.0,366.0,-3389.0,0.0118,0.009,0.1482,4592.0,40722.0,632.0,0.0116,1.7268,0.3316,1.6856,-0.3055,0.1431,1.2455,0,0,0,Healthy,Revenue Growth Only
ETHOS LTD,2026,1612.24,94.77,-74.77999999999989,0.0637,0.0431,0.2166,322.32,2197.19,89.6,0.0556,0.9454,2.0464,0.2881,-0.0158,0.5587,0.1164,0,0,0,Healthy,Revenue Growth Only
EUREKA FORBES LTD,2026,2710.47,160.21,28.01000000000005,0.035,0.0239,0.0063,28.92,6701.94,241.76,0.0892,1.509,12.7149,0.1126,-0.0189,0.0622,0.1319,0,0,0,Healthy,Stable / Low Growth
EURO PRATIK SALES LTD,2026,334.96,77.09,-15.710000000000036,0.2487,0.1943,0.079,24.49,396.72,40.67,0.1214,0.5276,0.7238,0.18,0.0048,0.4487,0.2604,0,0,0,Healthy,Stable / Low Growth
EXIDE INDUSTRIES LTD,2026,17995.35,854.19,1073.710000000002,0.0614,0.0403,0.1133,1575.4,21217.58,2413.16,0.1341,2.8251,0.1635,0.0439,0.0744,-0.008,-0.2188,0,0,0,Healthy,Stable / Low Growth
FDC LTD,2026,2170.93,281.42,388.5799999999999,0.1132,0.0964,0.0062,15.47,2918.97,200.45,0.0923,0.7123,3.0358,0.0298,0.0548,0.0756,-0.2692,0,0,0,Healthy,Stable / Low Growth
FEDBANK FINANCIAL SERVICES LTD,2026,2223.6,343.6,461.01,0.1174,0.0204,4.6734,13674.87,16874.78,-1664.16,-0.7484,-4.8433,0.1017,0.0918,0.5259,0.2736,0.3102,0,0,0,Healthy,Stable / Low Growth
FEDERAL BANK LTD,2026,29674.1,4345.3,5863.419999999998,0.1085,0.0108,8.6578,346684.15,402080.8,4349.11,0.1466,1.0009,0.0427,0.0558,0.0448,0.1164,0.0968,0,0,0,Moderate Risk,Stable / Low Growth
FERTILIZERS & CHEMICALS TRAVANCORE LTD,2026,5723.76,-39.6,-399.7899999999988,-0.0293,-0.0066,2.9515,3985.45,5967.04,-995.7,-0.174,25.1439,0.4191,0.413,-1.9605,-0.0114,1.2084,0,0,0,Moderate Risk,Revenue Growth Only
FIEM INDUSTRIES LTD,2026,2815.61,255.58,331.89,0.2104,0.1503,0.054,65.55,1700.54,161.28,0.0573,0.631,4.2009,0.1622,0.2472,0.1944,1.9674,0,0,0,Healthy,Stable / Low Growth
FILATEX INDIA LTD,2026,4160.51,183.9,263.09000000000015,0.1221,0.0748,0.0959,144.52,2458.08,243.72,0.0586,1.3253,0.3362,-0.0216,0.3666,0.0801,-0.0179,0,0,0,Healthy,Declining
FINE ORGANIC INDUSTRIES LTD,2026,2365.8,417.07,483.0600000000003,0.1565,0.1391,0.0256,68.2,2998.81,429.6,0.1816,1.03,20.9368,0.0426,0.016,0.1977,23.3571,0,0,0,Healthy,Stable / Low Growth
FINEOTEX CHEMICAL LTD,2026,772.23,108.75,126.82,0.1232,0.0938,0.0093,8.2,1159.22,-23.81,-0.0308,-0.2189,5.0196,0.4479,0.005,0.423,36.2727,0,0,0,Healthy,Quality Growth
FINOLEX CABLES LTD,2026,6321.01,713.72,448.9200000000009,0.1173,0.1021,0.0031,19.14,6989.96,49.08,0.0078,0.0688,8.3476,0.1884,0.0185,0.1119,-0.0425,0,0,0,Healthy,Stable / Low Growth
FIRSTSOURCE SOLUTIONS LTD,2026,9556.39,674.43,849.840000000001,0.1538,0.0739,0.6664,2921.9,9131.4,1213.98,0.127,1.8,0.0921,0.1975,0.1345,0.1771,0.1373,0,0,0,Healthy,Stable / Low Growth
FIVE-STAR BUSINESS FINANCE LTD,2026,3218.12,1098.75,1462.81,0.1489,0.0696,1.1111,8200.43,15789.73,-264.28,-0.0821,-0.2405,0.262,0.13,0.0245,0.0949,0.0351,0,0,0,Healthy,Stable / Low Growth
FORCE MOTORS LTD,2026,9057.05,1211.63,1470.6899999999991,0.2889,0.1853,0.0,0.0,6537.55,1297.09,0.1432,1.0705,831.59,0.1221,0.5131,0.2734,-1.0,0,0,0,Healthy,Stable / Low Growth
FORTIS HEALTHCARE LTD,2026,9127.84,1041.77,1325.889999999999,0.1053,0.0658,0.3509,3472.58,15832.85,1601.45,0.1754,1.5372,0.1565,0.1728,0.3456,0.1836,0.403,0,0,0,Healthy,Stable / Low Growth
FRACTAL ANALYTICS LTD,2026,3299.7,292.2,306.69999999999925,0.0917,0.0663,0.1314,418.4,4407.1,409.0,0.124,1.3997,2.7783,0.1932,0.3246,0.5731,-0.0258,0,0,0,Healthy,Stable / Low Growth
FSN E-COMMERCE VENTURES LTD,2026,10022.35,199.44,-123.0899999999973,0.1387,0.0432,0.8608,1237.81,4611.38,644.3,0.0643,3.2305,0.2583,0.2607,2.0182,0.1588,-0.0627,0,0,0,Healthy,Revenue Growth Only
FUSION FINANCE LTD,2026,1698.53,13.85,-62.929999999999865,0.0056,0.0017,2.2683,5570.76,8294.8,1146.25,0.6748,82.7617,0.3599,-0.2754,-1.0113,0.0003,-0.1298,0,0,0,Healthy,Declining
G R INFRAPROJECTS LTD,2026,8398.62,902.84,1221.800000000001,0.0963,0.0563,0.5194,4871.82,16037.15,-2811.48,-0.3348,-3.114,0.2487,0.1358,-0.1099,0.0745,-0.0199,0,0,0,Healthy,Stable / Low Growth
GABRIEL INDIA LTD,2026,4666.93,252.28,351.6700000000008,0.1843,0.1039,0.1082,148.12,2428.17,345.27,0.074,1.3686,1.359,0.1485,0.0298,0.2007,1.1439,0,0,0,Healthy,Stable / Low Growth
GAIL (INDIA) LTD,2026,141597.72,7582.47,12456.120000000012,0.0851,0.0539,0.2789,24831.49,140569.46,11248.65,0.0794,1.4835,0.0856,-0.0021,-0.391,0.0555,0.1499,0,0,0,Healthy,Declining
GALAXY SURFACTANTS LTD,2026,5244.78,267.38,261.31999999999846,0.0974,0.0692,0.0858,235.47,3865.11,332.66,0.0634,1.2441,1.1624,0.2426,-0.1231,0.1203,0.1198,0,0,0,Healthy,Revenue Growth Only
GALLANTT ISPAT LTD.,2026,4418.92,484.27,544.0699999999996,0.146,0.1134,0.1652,547.69,4269.62,602.26,0.1363,1.2436,0.917,0.0294,0.2084,0.2033,0.4502,0,0,0,Healthy,Stable / Low Growth
GANESH HOUSING LTD,2026,511.37,316.26,345.43999999999994,0.1357,0.1119,0.1308,304.88,2826.07,212.8,0.4161,0.6729,0.1922,-0.4667,-0.4712,0.2086,0.2283,0,0,0,Healthy,Declining
GARDEN REACH SHIPBUILDERS & ENGINEERS LTD,2026,7002.16,747.93,1104.059999999999,0.2848,0.0703,0.0142,37.39,10636.1,-289.72,-0.0414,-0.3874,88.2545,0.3795,0.4181,0.0264,2.8666,0,0,0,Healthy,Quality Growth
GARWARE HI TECH FILMS LTD,2026,2120.11,338.23,300.2199999999999,0.1273,0.1123,0.0059,15.66,3011.19,275.33,0.1299,0.814,9.3277,0.0051,0.0212,0.1227,0.0,0,0,0,Healthy,Stable / Low Growth
GARWARE TECHNICAL FIBRES LTD,2026,1528.79,198.67,180.49000000000004,0.1467,0.1057,0.0316,42.81,1878.75,162.07,0.106,0.8158,3.1892,-0.0074,-0.142,0.0695,-0.34,0,0,0,Healthy,Declining
GE POWER INDIA LTD,2026,1269.39,252.61,234.4000000000001,0.4336,0.1181,0.0302,17.59,2138.38,469.36,0.3698,1.858,23.1533,0.2123,0.2444,0.0627,-0.3899,0,0,0,Healthy,Quality Growth
GE VERNOVA T&D INDIA LTD,2026,6206.31,1233.25,1247.8200000000002,0.4584,0.1593,0.0089,24.0,7739.43,1709.88,0.2755,1.3865,61.1088,0.4459,1.0273,0.6604,-0.3056,0,0,0,Healthy,Quality Growth
GENUS POWER INFRASTRUCTURES LTD,2026,4750.92,592.3,115.15000000000036,0.2671,0.0934,1.0382,2302.37,6343.06,-203.24,-0.0428,-0.3431,0.3134,0.9455,0.9022,0.4595,0.6856,0,0,0,Healthy,Quality Growth
GHCL LTD,2026,3064.21,472.46,689.7699999999996,0.133,0.1099,0.0235,83.3,4299.71,687.3,0.2243,1.4547,1.0667,-0.0375,-0.243,0.0273,-0.2994,0,0,0,Healthy,Declining
GILLETTE INDIA LTD,2026,3099.53,654.31,794.6400000000004,0.6913,0.3496,0.0,0.02,1871.47,606.64,0.1957,0.9271,263.9804,0.3869,0.5666,-0.0241,-0.6,0,0,0,Healthy,Quality Growth
GLAND PHARMA LTD,2026,6430.65,1027.32,1457.739999999999,0.0992,0.0825,0.0274,283.59,12448.53,1031.39,0.1604,1.004,11.8033,0.145,0.4707,0.1142,-0.0961,0,0,0,Healthy,Stable / Low Growth
GLAXOSMITHKLINE PHARMACEUTICALS LTD,2026,3821.67,1035.98,1414.9400000000005,0.4569,0.2396,0.0147,33.27,4323.87,903.3,0.2364,0.8719,40.59,0.0193,0.1169,0.0525,2.3437,0,0,0,Healthy,Stable / Low Growth
GLENMARK PHARMACEUTICALS LTD,2026,16982.51,1361.85,763.4699999999984,0.1296,0.0684,0.0565,593.53,19907.88,3445.03,0.2029,2.5297,1.9785,0.2748,0.3006,0.2449,-0.76,0,0,0,Healthy,Quality Growth
GLOBAL HEALTH LTD,2026,4410.27,556.46,709.76,0.1405,0.0942,0.3004,1190.05,5905.0,714.39,0.162,1.2838,0.9489,0.1944,0.1558,0.2389,0.6581,0,0,0,Healthy,Stable / Low Growth
GMM PFAUDLER LTD,2026,3523.94,57.82,-34.03000000000041,0.048,0.0145,0.8646,1041.4,3988.72,388.8,0.1103,6.7243,0.6597,0.1017,0.0916,0.2907,0.2246,0,0,0,Healthy,Stable / Low Growth
GMR AIRPORTS LTD,2026,14807.41,175.49,-121.61000000000138,-0.0708,0.0032,-17.4543,43282.52,54764.27,4883.53,0.3298,27.828,0.0229,0.4218,-1.4467,0.1278,0.1325,0,0,0,Moderate Risk,Revenue Growth Only
GMR POWER & URBAN INFRA LTD,2026,7331.86,600.34,808.2399999999991,0.3153,0.0352,6.0896,11593.58,17049.92,1259.98,0.1718,2.0988,0.1013,0.1557,-0.5765,0.0039,0.1301,0,0,0,Moderate Risk,Stable / Low Growth
GNG ELECTRONICS LTD,2026,1891.08,132.02,-293.19999999999976,0.1742,0.1053,0.5716,433.14,1253.98,-215.3,-0.1139,-1.6308,0.2724,0.3401,0.9181,0.7429,-0.0455,0,0,0,Healthy,Quality Growth
GO DIGIT GENERAL INSURANCE LTD,2026,10005.28,544.35,631.6900000000007,0.1167,0.0218,0.0751,350.0,24952.26,2025.69,0.2025,3.7213,0.6244,0.0678,0.281,0.1627,0.0,0,0,0,Healthy,Stable / Low Growth
GODAWARI POWER & ISPAT LTD,2026,5380.65,800.75,987.2299999999996,0.1379,0.1097,0.0764,443.48,7296.15,1157.41,0.2151,1.4454,2.5751,0.002,-0.0135,0.185,0.436,0,0,0,Healthy,Stable / Low Growth
GODFREY PHILLIPS INDIA LTD,2026,6391.11,1526.06,1439.5400000000004,0.2456,0.1836,0.0376,233.68,8310.38,518.16,0.0811,0.3395,0.139,0.139,0.4235,0.1925,0.3057,0,0,0,Healthy,Stable / Low Growth
GODREJ CONSUMER PRODUCTS LTD,2026,15177.9,1861.47,2365.7599999999984,0.1472,0.0889,0.3495,4420.52,20942.04,2488.47,0.164,1.3368,0.2274,0.0844,0.005,0.0852,0.1026,0,0,0,Healthy,Stable / Low Growth
GODREJ INDUSTRIES LTD,2026,22236.85,1240.53,-30008.83,0.111,0.0099,4.6136,51564.41,125900.96,-8854.9,-0.3982,-7.138,0.1343,0.1312,0.2641,0.4351,0.3538,0,0,0,Healthy,Stable / Low Growth
GODREJ PROPERTIES LTD,2026,5131.43,1850.2,-30738.900000000005,0.0966,0.0227,0.8297,15894.09,81589.82,-2003.34,-0.3904,-1.0828,0.3597,0.0424,0.3217,0.4714,0.2573,0,0,0,Healthy,Stable / Low Growth
GOKALDAS EXPORTS LTD,2026,3987.64,100.13,60.47999999999985,0.0463,0.023,0.5893,1273.21,4354.16,51.59,0.0129,0.5152,0.1066,0.0319,-0.3684,0.231,0.5064,0,0,0,Healthy,Stable / Low Growth
GOKUL AGRO RESOURCES LTD,2026,24076.98,369.38,-0.0799999999972342,0.2596,0.0749,0.414,589.11,4928.42,324.98,0.0135,0.8798,0.9691,0.2315,0.5041,0.2079,0.0831,0,0,0,Healthy,Quality Growth
GOLDIAM INTERNATIONAL LTD,2026,976.86,170.59,-363.3399999999999,0.1542,0.1252,0.0696,77.01,1362.58,23.62,0.0242,0.1385,3.9228,0.2508,0.4577,0.5258,1.8512,0,0,0,Healthy,Quality Growth
GOODLUCK INDIA LTD,2026,4100.28,180.71,-35.24999999999979,0.1212,0.0593,0.7508,1119.46,3046.18,200.24,0.0488,1.1081,0.044,0.0418,0.091,0.2043,0.2699,0,0,0,Healthy,Stable / Low Growth
GOPAL SNACKS LTD,2026,1508.23,73.65,102.9999999999998,0.1538,0.103,0.3217,154.03,714.71,46.44,0.0308,0.6305,0.0048,0.0274,2.8763,0.3318,1.3155,0,0,0,Healthy,Stable / Low Growth
GRANULES INDIA LTD,2026,5365.64,595.02,336.81999999999925,0.117,0.0774,0.2974,1512.04,7682.91,793.25,0.1478,1.3331,0.6273,0.1973,0.1864,0.235,0.0394,0,0,0,Healthy,Stable / Low Growth
GRAPHITE INDIA LTD,2026,2851.72,175.33,594.0399999999994,0.0299,0.0231,0.0627,367.57,7576.81,82.54,0.0289,0.4708,0.1264,0.1139,-0.6206,0.0484,1.1286,0,0,0,Healthy,Stable / Low Growth
GRASIM INDUSTRIES LTD,2026,175430.74,4966.48,14679.049999999974,0.048,0.0087,2.2021,227853.06,569134.11,-17809.61,-0.1015,-3.586,0.0272,0.1815,0.3402,0.1382,0.2229,0,0,0,Healthy,Stable / Low Growth
GRAUER & WEIL (INDIA) LTD,2026,1190.2,164.02,199.81,0.1516,0.1135,0.0134,14.53,1444.73,151.84,0.1276,0.9257,15.1236,0.0499,0.0434,0.1238,0.2293,0,0,0,Healthy,Stable / Low Growth
GRAVITA INDIA LTD,2026,4265.27,378.8,100.41000000000048,0.1545,0.1109,0.3002,735.9,3416.95,169.29,0.0397,0.4469,0.2739,0.1025,0.2126,0.3588,1.5735,0,0,0,Healthy,Stable / Low Growth
GREAT EASTERN SHIPPING COMPANY LTD,2026,5409.09,2942.52,3025.79,0.1735,0.1512,0.0641,1087.15,19460.16,2853.87,0.5276,0.9699,5.0649,0.0163,0.2552,0.1022,-0.4974,0,0,0,Healthy,Stable / Low Growth
GREAVES COTTON LTD,2026,3436.62,107.14,164.4899999999996,0.0749,0.0374,0.2757,394.42,2866.23,32.58,0.0095,0.3041,1.4251,0.1776,0.8346,0.1324,3.855,0,0,0,Healthy,Stable / Low Growth
GREENLAM INDUSTRIES LTD,2026,3046.08,56.26,-4.299999999999873,0.0477,0.0188,0.984,1160.41,2999.16,292.38,0.096,5.1969,0.0551,0.1855,-0.1927,0.0336,-0.032,0,0,0,Healthy,Stable / Low Growth
GREENPLY INDUSTRIES LTD,2026,2739.04,89.53,198.65999999999977,0.1001,0.0457,0.5754,514.88,1959.96,246.88,0.0901,2.7575,0.054,0.1011,-0.0229,0.0045,-0.0011,0,0,0,Healthy,Stable / Low Growth
GRINDWELL NORTON LTD,2026,3073.19,415.66,600.76,0.164,0.121,0.024,60.71,3435.72,542.14,0.1764,1.3043,7.9413,0.093,0.1273,0.1248,-0.2734,0,0,0,Healthy,Stable / Low Growth
GUFIC BIOSCIENCES LTD,2026,940.48,63.15,-52.22999999999995,0.0951,0.0471,0.6094,404.75,1341.59,44.02,0.0468,0.6971,0.1833,0.1472,-0.097,0.147,0.2039,0,0,0,Healthy,Stable / Low Growth
GUJARAT ALKALIES & CHEMICALS LTD,2026,4358.08,-2.41,85.39999999999975,-0.0005,-0.0003,0.1108,575.22,7532.58,406.44,0.0933,-168.6473,0.2971,0.07,-0.963,-0.0569,0.0259,0,0,0,Moderate Risk,Stable / Low Growth
GUJARAT AMBUJA EXPORTS LTD,2026,5728.6,304.28,411.8900000000005,0.0923,0.0732,0.1338,441.0,4159.54,228.04,0.0398,0.7494,0.031,0.242,0.2204,0.1596,0.9065,0,0,0,Healthy,Revenue Growth Only
GUJARAT ENERGY LTD,2026,23614.44,1677.58,1288.7599999999943,0.091,0.0609,0.1759,3243.47,27545.92,2720.89,0.1152,1.6219,0.4051,0.4323,0.4609,1.1774,20.626,0,0,0,Healthy,Revenue Growth Only
GUJARAT FLUOROCHEMICALS LTD,2026,4996.0,574.0,821.0,0.073,0.0483,0.2911,2290.0,11883.0,961.0,0.1924,1.6742,0.1528,0.0546,0.0512,0.1208,0.1008,0,0,0,Healthy,Stable / Low Growth
GUJARAT MINERAL DEVELOPMENT CORPORATION LTD,2026,2653.38,956.67,1256.58,0.1353,0.1065,0.0448,316.51,8982.98,743.72,0.2803,0.7774,1.7011,-0.0693,0.395,0.1588,1.5032,0,0,0,Healthy,Declining
GUJARAT NARMADA VALLEY FERTILIZERS & CHEMICALS LTD,2026,7773.0,808.0,1259.0,0.0886,0.0711,0.0007,6.0,11359.0,654.0,0.0841,0.8094,158.4286,-0.0151,0.3517,0.0283,-0.9432,0,0,0,Healthy,Declining
GUJARAT PIPAVAV PORT LTD,2026,1158.38,515.17,689.3300000000002,0.2157,0.1704,0.0154,36.87,3023.69,510.31,0.4405,0.9906,17.8484,0.1728,0.298,0.0301,-0.4181,0,0,0,Healthy,Stable / Low Growth
GUJARAT STATE FERTILIZERS & CHEMICALS LTD,2026,10945.5,672.78,551.0500000000021,0.0548,0.0468,0.0022,26.66,14389.55,136.14,0.0124,0.2024,7.2346,0.1481,0.1383,0.0014,14.1477,0,0,0,Healthy,Stable / Low Growth
GUJARAT THEMIS BIOSYN LTD,2026,165.82,46.68,44.03,0.1622,0.0927,0.5623,161.82,503.43,48.78,0.2942,1.045,0.0374,0.0996,-0.0429,0.6708,4.3108,0,0,0,Healthy,Stable / Low Growth
GULF OIL LUBRICANTS INDIA LTD,2026,3991.31,350.92,503.21000000000015,0.2248,0.1208,0.3275,511.07,2904.18,362.52,0.0908,1.0331,2.2274,0.1229,-0.0313,0.0989,0.124,0,0,0,Healthy,Stable / Low Growth
H.G. INFRA ENGINEERING LTD,2026,5234.67,330.37,454.6800000000001,0.1012,0.0305,1.5403,5029.23,10823.98,249.71,0.0477,0.7558,0.0504,0.0353,-0.3464,0.2455,0.2059,0,0,0,Healthy,Stable / Low Growth
HAPPIEST MINDS TECHNOLOGIES LTD,2026,2315.11,212.62,284.2100000000004,0.1258,0.0593,0.8844,1494.19,3585.71,261.41,0.1129,1.2295,0.6104,0.1234,0.1514,0.0791,0.2015,0,0,0,Healthy,Stable / Low Growth
HAPPY FORGINGS LTD,2026,1546.34,301.63,452.06999999999977,0.1417,0.1146,0.1549,329.62,2632.81,444.67,0.2876,1.4742,0.1601,0.0976,0.1278,0.1885,0.4458,0,0,0,Healthy,Stable / Low Growth
HARSHA ENGINEERS INTERNATIONAL LTD,2026,1626.79,155.2,161.56999999999988,0.1107,0.0751,0.2655,372.16,2066.88,68.49,0.0421,0.4413,0.1205,0.1557,0.7378,0.2222,0.8565,0,0,0,Healthy,Stable / Low Growth
HATSUN AGRO PRODUCT LTD,2026,9959.22,356.2,1505.64,0.1832,0.0802,0.9453,1838.25,4442.51,1556.54,0.1563,4.3698,0.0278,0.1491,0.2479,-0.0805,-0.2837,0,0,0,Healthy,Stable / Low Growth
HAVELLS INDIA LTD,2026,22527.77,1690.56,1731.790000000001,0.1788,0.1146,0.028,265.2,14746.25,1571.99,0.0698,0.9299,8.8787,0.0344,0.1483,0.0678,-0.1675,0,0,0,Healthy,Stable / Low Growth
HAWKINS COOKERS LTD,2026,1252.93,131.19,148.93000000000026,0.2946,0.1906,0.066,29.39,688.23,87.59,0.0699,0.6677,6.2823,0.1229,0.1439,0.1787,0.2706,0,0,0,Healthy,Stable / Low Growth
HBL ENGINEERING LTD,2026,3302.83,814.89,1073.2099999999998,0.368,0.277,0.0302,66.87,2941.67,738.44,0.2236,0.9062,8.1319,0.6789,1.9427,0.4861,-0.1,0,0,0,Healthy,Quality Growth
HCL TECHNOLOGIES LTD,2026,130144.0,16642.0,21890.0,0.2214,0.1446,0.0694,5215.0,115112.0,19975.0,0.1535,1.2003,4.491,0.1118,-0.043,0.1018,-0.1691,0,0,0,Healthy,Stable / Low Growth
HDB FINANCIAL SERVICES LTD,2026,18430.82,2543.83,3386.279999999999,0.1231,0.0206,4.8021,99230.05,123651.48,-8605.56,-0.4669,-3.3829,0.0169,0.1307,0.1691,0.1379,0.1065,0,0,0,Healthy,Stable / Low Growth
HDFC ASSET MANAGEMENT COMPANY LTD,2026,4611.41,2859.36,3710.18,0.3098,0.2863,0.0,0.0,9988.39,2530.09,0.5487,0.8848,24.17,0.1387,0.1618,0.1411,0.0,0,0,0,Healthy,Stable / Low Growth
HDFC BANK LTD,2026,348615.15,76025.97,102141.45000000004,0.1297,0.0155,6.2931,3688122.84,4907701.34,113506.38,0.3256,1.493,0.0508,0.0364,0.0739,0.1174,0.1024,0,0,0,Moderate Risk,Stable / Low Growth
HDFC LIFE INSURANCE COMPANY LTD,2026,99431.5,1912.32,2057.169999999993,0.1077,0.0049,0.1746,3099.0,390502.48,22625.06,0.2275,11.8312,0.642,0.0259,0.0561,0.1176,0.0505,0,0,0,Healthy,Stable / Low Growth
HEG LTD,2026,2568.27,341.37,583.6,0.0717,0.0554,0.1673,796.03,6165.76,213.2,0.083,0.6245,0.3138,0.1943,1.9669,0.0916,0.3546,0,0,0,Healthy,Stable / Low Growth
HEIDELBERGCEMENT INDIA LTD,2026,2329.59,133.97,173.4299999999995,0.0977,0.0549,0.0104,14.23,2438.25,198.08,0.085,1.4785,26.7787,0.0841,0.255,-0.0408,-0.8113,0,0,0,Healthy,Stable / Low Growth
HEMISPHERE PROPERTIES INDIA LTD,2026,0.99,-11.22,-13.57,-0.0259,-0.0096,0.2014,87.37,1162.85,-151.43,-152.9596,13.4964,0.2844,0.0879,0.492,0.0552,0.4613,0,0,0,Moderate Risk,Stable / Low Growth
HERITAGE FOODS LTD,2026,4525.99,150.14,263.9600000000001,0.1361,0.077,0.3276,361.48,1949.81,237.18,0.0524,1.5797,0.1939,0.0947,-0.2026,0.2512,1.0691,0,0,0,Healthy,Stable / Low Growth
HERO MOTOCORP LTD,2026,47411.24,5741.73,6828.939999999999,0.2657,0.1716,0.036,778.61,33452.59,8314.62,0.1754,1.4481,0.9834,0.1585,0.3114,0.1783,0.1124,0,0,0,Healthy,Stable / Low Growth
HFCL LTD,2026,4949.27,311.74,-488.2800000000005,0.0637,0.0352,0.3567,1744.38,8867.58,-378.13,-0.0764,-1.213,0.2684,0.2177,0.7572,0.1751,0.1461,0,0,0,Healthy,Revenue Growth Only
HIMADRI SPECIALITY CHEMICAL LTD,2026,4660.7,751.34,1065.6500000000003,0.1596,0.1191,0.1636,769.98,6306.39,382.01,0.082,0.5084,0.9539,0.0104,0.3522,0.3545,1.4565,0,0,0,Healthy,Stable / Low Growth
HIND RECTIFIERS LTD,2026,999.13,45.01,37.14000000000001,0.2158,0.068,1.1729,244.64,662.07,85.81,0.0859,1.9065,0.0203,0.5245,0.2129,0.5866,0.4893,0,0,0,Healthy,Quality Growth
HINDALCO INDUSTRIES LTD,2026,274944.0,13391.0,-9668.0,0.098,0.0389,0.726,99165.0,344681.0,10250.0,0.0373,0.7654,0.1493,0.1528,-0.1631,0.3041,0.5107,0,0,0,Healthy,Stable / Low Growth
HINDUSTAN AERONAUTICS LTD,2026,33088.82,9115.6,-7907.25,0.2221,0.0678,0.0016,65.82,134395.39,10906.38,0.3296,1.1965,691.3617,0.068,0.0898,0.2364,0.2795,0,0,0,Healthy,Stable / Low Growth
HINDUSTAN CONSTRUCTION COMPANY LTD,2026,3969.59,165.52,222.9700000000004,0.0778,0.0195,0.4791,1019.15,8486.98,892.0,0.2247,5.3891,0.4493,-0.2916,0.4696,0.0397,-0.393,0,0,0,Healthy,Declining
HINDUSTAN COPPER LTD,2026,3077.92,920.67,1101.47,0.275,0.2082,0.0331,110.92,4421.18,1473.57,0.4788,1.6005,7.2341,0.4862,0.965,0.1913,-0.3339,0,0,0,Healthy,Quality Growth
HINDUSTAN FOODS LTD,2026,4251.04,149.03,155.9400000000006,0.1279,0.047,0.9341,1088.26,3173.71,100.02,0.0235,0.6711,0.0475,0.1926,0.3593,0.2784,0.2196,0,0,0,Healthy,Stable / Low Growth
HINDUSTAN PETROLEUM CORPORATION LTD,2026,441771.34,18046.89,17297.22,0.2753,0.0889,0.8537,55964.43,203064.45,36110.68,0.0817,2.0009,0.0031,0.0177,1.6793,0.0426,-0.2068,0,0,0,Healthy,Stable / Low Growth
HINDUSTAN UNILEVER LTD,2026,64468.0,15040.0,17361.0,0.3086,0.1886,0.0303,1478.0,79738.0,10999.0,0.1706,0.7313,2.1961,0.0512,0.4123,-0.0016,-0.1032,0,0,0,Healthy,Stable / Low Growth
HINDUSTAN ZINC LTD,2026,40658.0,13712.0,17968.0,0.6101,0.3251,0.3883,8726.0,42173.0,16857.0,0.4146,1.2294,0.036,0.1969,0.334,0.2253,-0.2041,0,0,0,Healthy,Stable / Low Growth
HITACHI ENERGY INDIA LTD,2026,8147.71,987.84,1023.74,0.1909,0.082,0.0166,86.1,12043.72,1244.83,0.1528,1.2602,53.8402,0.2761,1.5726,0.3983,-0.0266,0,0,0,Healthy,Quality Growth
HLE GLASCOAT LTD,2026,1352.98,49.42,131.72999999999988,0.0926,0.0358,0.651,347.6,1381.8,161.22,0.1192,3.2622,0.1678,0.3167,0.058,0.0728,-0.0868,0,0,0,Healthy,Revenue Growth Only
HOME FIRST FINANCE COMPANY INDIA LTD,2026,1921.01,540.38,707.76,0.124,0.0356,2.4308,10590.05,15166.54,-1939.78,-1.0098,-3.5897,0.0794,0.2482,0.4143,0.242,0.1088,0,0,0,Healthy,Revenue Growth Only
HONASA CONSUMER LTD,2026,2391.94,199.95,256.79999999999995,0.1416,0.0956,0.0959,135.35,2092.49,141.35,0.0591,0.7069,1.5674,0.1572,1.7507,0.1572,-0.0077,0,0,0,Healthy,Stable / Low Growth
HONEYWELL AUTOMATION INDIA LTD,2026,4681.9,525.0,657.3999999999991,0.1176,0.0843,0.0248,110.5,6229.0,492.6,0.1052,0.9383,34.1327,0.1175,0.0027,0.1114,0.0951,0,0,0,Healthy,Stable / Low Growth
HOUSING & URBAN DEVELOPMENT CORPORATION LTD,2026,13150.4,4034.37,3221.439999999999,0.1836,0.0242,6.4471,141677.01,166838.05,-33912.22,-2.5788,-8.4058,0.0016,0.2712,0.4892,0.2984,0.3204,0,0,0,Moderate Risk,Revenue Growth Only
HYUNDAI MOTOR INDIA LTD,2026,70763.33,5431.52,7129.749999999999,0.2714,0.1579,0.0548,1097.56,34404.26,7321.13,0.1035,1.3479,9.6053,0.0227,-0.037,0.1431,0.2909,0,0,0,Healthy,Stable / Low Growth
ICICI BANK LTD,2026,195218.46,54207.7,77057.31999999995,0.1493,0.0186,5.6472,2050284.4,2914497.98,67325.42,0.3449,1.242,0.0564,0.0477,0.0623,0.103,0.102,0,0,0,Moderate Risk,Stable / Low Growth
ICICI PRUDENTIAL ASSET MANAGEMENT CO LTD,2026,5999.14,3298.26,4406.84,0.7907,0.6592,0.0,0.0,5003.25,3281.56,0.547,0.9949,147.49,0.2053,0.2443,0.1562,0.0,0,0,0,Healthy,Quality Growth
ICICI PRUDENTIAL LIFE INSURANCE COMPANY LTD,2026,63356.8,1607.89,1558.899999999996,0.118,0.005,0.1904,2595.0,319734.93,-5355.08,-0.0845,-3.3305,0.4383,-0.1049,0.3563,0.0175,-0.0019,0,0,0,Healthy,Declining
ICRA LTD,2026,599.51,181.52,250.45,0.1537,0.1226,0.0156,18.41,1480.78,157.26,0.2623,0.8664,2.1891,0.2038,0.0677,0.1463,0.4011,0,0,0,Healthy,Quality Growth
IDBI BANK LTD,2026,29019.59,9209.97,9236.610000000002,0.1343,0.0197,5.4676,374879.89,467386.12,16761.75,0.5776,1.82,0.0842,0.0035,0.207,0.1317,0.1366,0,0,0,Moderate Risk,Stable / Low Growth
IDEAFORGE TECHNOLOGY LTD,2026,226.13,-17.03,-41.95000000000001,-0.0284,-0.0213,0.1397,83.71,798.72,-63.41,-0.2804,3.7234,0.4642,0.4026,-0.7266,0.1889,4.0826,0,0,0,Moderate Risk,Revenue Growth Only
IDFC FIRST BANK LTD,2026,40548.82,1636.36,1832.8099999999968,0.0348,0.0041,7.035,331095.23,399780.09,6915.04,0.1705,4.2259,0.0342,0.1109,0.0731,0.1628,0.1376,0,0,0,Moderate Risk,Stable / Low Growth
IDREAM FILM INFRASTRUCTURE COMPANY LTD,2026,0.01,-0.23,-0.2299999999999999,0.0313,-5.75,-0.9238,6.79,0.04,-2.79,-279.0,12.1304,0.0051,0.0,0.0455,3.0,0.6975,0,0,0,Moderate Risk,Declining
IFB INDUSTRIES LTD,2026,5443.25,133.34,212.66999999999933,0.1343,0.0546,0.1537,152.65,2444.02,290.89,0.0534,2.1816,0.6385,0.1014,0.0353,0.0399,-0.3877,0,0,0,Healthy,Stable / Low Growth
IFCI LTD,2026,2068.84,180.87,524.21,0.0202,0.0068,0.3939,3523.01,26570.37,279.73,0.1352,1.5466,2.0154,0.101,0.0575,0.0329,-0.0513,0,0,0,Healthy,Stable / Low Growth
IIFL FINANCE LTD,2026,13366.4,1660.8,2408.5799999999995,0.1193,0.0187,4.9695,69175.88,88986.59,-13975.99,-1.0456,-8.4152,0.0921,0.3062,3.3847,0.3155,0.3546,0,0,0,Healthy,Revenue Growth Only
IMAGICAAWORLD ENTERTAINMENT LTD,2026,373.85,0.64,10.140000000000011,0.0005,0.0004,0.2731,342.52,1754.15,109.92,0.294,171.75,0.0789,-0.0887,-0.9917,-0.0708,1.0502,0,0,0,Healthy,Declining
INDEGENE LTD,2026,3510.5,401.1,524.9999999999998,0.1278,0.0868,0.046,144.4,4620.3,650.8,0.1854,1.6225,2.6265,0.2364,-0.0138,0.3892,0.4213,0,0,0,Healthy,Revenue Growth Only
INDIA GLYCOLS LTD,2026,4211.41,292.76,501.9099999999994,0.0998,0.0449,0.5764,1690.6,6522.95,769.16,0.1826,2.6273,0.0295,0.1176,0.2678,0.0562,-0.1062,0,0,0,Healthy,Stable / Low Growth
INDIA SHELTER FINANCE CORPORATION LTD,2026,1530.12,505.06,654.9899999999998,0.1579,0.0525,1.953,6246.03,9614.97,-1183.07,-0.7732,-2.3424,0.0488,0.314,0.3395,0.2413,0.257,0,0,0,Healthy,Quality Growth
INDIA TOURISM DEVELOPMENT CORPORATION LTD,2026,533.02,82.71,115.00000000000004,0.1957,0.1085,0.0015,0.63,762.22,70.44,0.1322,0.8517,166.092,-0.0655,0.0142,0.0212,0.0,0,0,0,Healthy,Declining
INDIABULLS LIMITED,2026,833.38,273.87,144.02000000000012,0.0888,0.0656,0.1487,458.55,4173.43,193.74,0.2325,0.7074,1.631,-144.6862,-5.0157,174.4279,0.7426,0,0,0,Healthy,Declining
INDIAN BANK,2026,67504.09,11704.28,16475.05999999999,0.1462,0.0118,10.9249,874460.58,991552.79,18815.48,0.2787,1.6076,0.0252,0.0881,0.0393,0.1306,0.123,0,0,0,Moderate Risk,Stable / Low Growth
INDIAN HOTELS CO LTD,2026,9689.22,2084.38,2925.8599999999983,0.1597,0.1031,0.2173,2836.55,20220.72,2471.41,0.2551,1.1857,0.6453,0.1625,0.0927,0.1479,-0.0803,0,0,0,Healthy,Stable / Low Growth
INDIAN METALS & FERRO ALLOYS LTD,2026,2826.31,424.28,579.3300000000002,0.1561,0.0983,0.3524,957.54,4316.53,318.09,0.1125,0.7497,0.0492,0.1021,0.1203,0.3585,1.4639,0,0,0,Healthy,Stable / Low Growth
INDIAN OIL CORPORATION LTD,2026,784415.43,42096.26,68596.64000000009,0.1918,0.0796,0.6005,131822.39,528954.96,76142.08,0.0971,1.8088,0.0335,0.0347,2.0958,0.0428,-0.1343,0,0,0,Healthy,Stable / Low Growth
INDIAN OVERSEAS BANK,2026,31895.68,5208.03,6268.02,0.1388,0.011,11.1899,419793.82,473319.86,5501.5,0.1725,1.0563,0.0361,0.1338,0.5618,0.1982,0.1878,0,0,0,Moderate Risk,Stable / Low Growth
INDIAN RAILWAY CATERING & TOURISM CORPORATION LTD,2026,5214.86,1393.37,1874.1999999999996,0.3234,0.1838,0.0187,80.73,7579.2,1273.72,0.2442,0.9141,34.7684,0.1155,0.0599,0.1147,-0.101,0,0,0,Healthy,Stable / Low Growth
INDIAN RENEWABLE ENERGY DEVELOPMENT AGENCY LTD,2026,8309.0,1873.34,2336.9200000000005,0.1359,0.02,5.6486,77845.63,93802.22,-14482.46,-1.743,-7.7308,0.0092,0.2302,0.1029,0.1764,0.2024,0,0,0,Moderate Risk,Revenue Growth Only
INDIGO PAINTS LTD,2026,1330.12,145.39,197.3299999999998,0.123,0.0926,0.0155,18.37,1569.93,211.37,0.1589,1.4538,1.4739,0.0414,0.0101,0.1563,-0.0675,0,0,0,Healthy,Stable / Low Growth
INDIGRID INFRASTRUCTURE TRUST,2026,4768.38,394.25,449.2899999999997,0.0649,0.0133,3.5174,21359.14,29731.46,3377.43,0.7083,8.5667,0.0164,0.4504,-0.0104,0.125,0.0628,0,0,0,Healthy,Revenue Growth Only
INDIQUBE SPACES LTD,2026,1450.81,-106.34,-137.03000000000003,-0.2066,-0.0163,10.1158,5207.09,6511.4,920.39,0.6344,-8.6552,0.074,0.3696,-0.2384,0.3898,0.2716,0,0,0,High Risk,Revenue Growth Only
INDO COUNT INDUSTRIES LTD,2026,4141.35,126.68,262.03,0.0538,0.0282,0.5699,1342.34,4491.23,572.86,0.1383,4.5221,0.0921,-0.0024,-0.4933,0.0555,-0.0728,0,0,0,Healthy,Declining
INDO TECH TRANSFORMERS LTD,2026,782.08,92.77,41.42000000000012,0.2482,0.1673,0.0139,5.2,554.56,56.87,0.0727,0.613,18.3403,0.2784,0.4523,0.2648,-0.3627,0,0,0,Healthy,Quality Growth
INDO-MIM LTD,2026,4192.99,533.54,737.179999999999,0.1892,0.1089,0.4852,1367.96,4897.34,1077.24,0.2569,2.019,0.3438,0.2593,0.2592,0.1827,-0.0456,0,0,0,Healthy,Quality Growth
INDOSTAR CAPITAL FINANCE LTD,2026,1393.12,140.45,309.5,0.0371,0.0148,1.4479,5476.76,9516.51,-988.94,-0.7099,-7.0412,0.0567,-0.0108,0.1654,-0.2821,-0.2082,0,0,0,Healthy,Declining
INDRAPRASTHA GAS LTD,2026,16167.59,1549.62,1972.3099999999995,0.1347,0.091,0.0085,97.75,17028.36,1935.58,0.1197,1.2491,29.6325,0.0831,-0.0979,0.0923,0.0456,0,0,0,Healthy,Stable / Low Growth
INDRAPRASTHA MEDICAL CORPORATION LTD,2026,1482.51,183.62,246.01999999999973,0.248,0.1852,0.0498,36.86,991.36,167.44,0.1129,0.9119,6.9546,0.093,0.1406,0.1641,0.1252,0,0,0,Healthy,Stable / Low Growth
INDUS INFRA TRUST,2026,676.88,382.64,387.19,0.0806,0.04,0.9692,4602.88,9577.06,598.54,0.8843,1.5642,0.1268,-0.0909,-0.2056,0.3466,1.1466,0,0,0,Healthy,Declining
INDUSIND BANK LTD,2026,46250.81,889.34,1210.4599999999946,0.0136,0.0016,6.75,442719.95,543393.92,992.89,0.0215,1.1164,0.0676,-0.0497,-0.6547,-0.0193,-0.047,0,0,0,Moderate Risk,Declining
INFO EDGE (INDIA) LTD,2026,3284.73,1449.81,2121.3899999999994,0.0382,0.0305,0.0068,258.53,47558.76,1076.43,0.3277,0.7425,1.4484,0.1527,0.5069,0.1119,-0.033,0,0,0,Healthy,Stable / Low Growth
INFOSYS LTD,2026,178650.0,29440.0,39995.0,0.3171,0.1908,0.0988,9176.0,154288.0,33986.0,0.1902,1.1544,2.4192,0.0961,0.1021,0.0439,0.1154,0,0,0,Healthy,Stable / Low Growth
INGERSOLL-RAND (INDIA) LTD,2026,1392.37,256.03,313.28999999999985,0.4158,0.2563,0.0147,9.04,998.92,273.66,0.1965,1.0689,15.9373,0.042,-0.043,0.072,-0.1423,0,0,0,Healthy,Stable / Low Growth
INNOVA CAPTAB LTD,2026,1630.02,140.92,166.25999999999968,0.1292,0.0768,0.3151,343.69,1835.96,116.52,0.0715,0.8269,0.0112,0.3106,0.0987,0.1708,0.0165,0,0,0,Healthy,Quality Growth
INOX GREEN ENERGY SERVICES LTD,2026,281.01,102.39,156.90000000000006,0.06,0.0485,0.0517,88.28,2112.86,66.89,0.238,0.6533,5.6517,0.193,4.1712,-0.1503,-0.5121,0,0,0,Healthy,Stable / Low Growth
INOX INDIA LTD,2026,1587.06,257.89,382.28,0.2308,0.1282,0.0725,81.04,2011.86,116.65,0.0735,0.4523,0.286,0.2152,0.141,0.2167,0.8738,0,0,0,Healthy,Quality Growth
INOX WIND LTD,2026,4397.12,405.04,735.8499999999993,0.0635,0.0336,0.2487,1586.95,12067.77,-598.12,-0.136,-1.4767,0.3852,0.2362,-0.0963,0.3725,0.058,0,0,0,Healthy,Revenue Growth Only
INTERARCH BUILDING SOLUTIONS LTD,2026,1898.0,134.52,173.4799999999999,0.1527,0.1034,0.0199,17.53,1300.97,-18.82,-0.0099,-0.1399,4.3826,0.3055,0.2475,0.1678,-0.1182,0,0,0,Healthy,Quality Growth
INTERGLOBE AVIATION LTD,2026,84961.9,-2391.9,-1963.3000000000088,-0.3431,-0.0176,11.1531,77749.2,136002.1,23469.9,0.2762,-9.8122,0.3087,0.0515,-1.3295,0.174,0.1637,0,0,0,High Risk,Stable / Low Growth
INTERNATIONAL GEMOLOGICAL INSTITUTE LIMITED,2026,1597.66,711.2,967.5,0.478,0.3837,0.0959,142.76,1853.32,624.1,0.3906,0.8775,1.8973,0.517,0.6644,0.2322,-0.0158,0,0,0,Healthy,Quality Growth
INVENTURUS KNOWLEDGE SOLUTIONS LTD,2026,3193.79,721.55,907.6999999999998,0.0,0.0,0.0,0.0,0.0,673.59,0.2109,0.9335,0.0,0.1989,0.4845,-1.0,-1.0,0,0,0,Healthy,Stable / Low Growth
IOL CHEMICALS & PHARMACEUTICALS LTD,2026,2319.06,137.72,147.37999999999948,0.0766,0.0532,0.0753,135.42,2586.72,214.42,0.0925,1.5569,1.4532,0.1154,0.3636,0.086,0.157,0,0,0,Healthy,Stable / Low Growth
ION EXCHANGE (INDIA) LTD,2026,2914.84,142.67,24.12000000000002,0.1065,0.0422,0.3601,482.19,3379.93,-28.47,-0.0098,-0.1996,0.6595,0.0649,-0.3135,0.1345,0.4947,0,0,0,Healthy,Stable / Low Growth
IPCA LABORATORIES LTD,2026,9599.02,1141.12,1464.7,0.1415,0.0924,0.1003,808.76,12349.65,1141.97,0.119,1.0007,0.6972,0.0789,0.5469,0.0516,-0.4065,0,0,0,Healthy,Stable / Low Growth
IRB INFRASTRUCTURE DEVELOPERS LTD,2026,7648.15,850.36,1247.8099999999993,0.0406,0.0157,0.956,20027.06,54053.61,2098.03,0.2743,2.4672,0.0954,0.0046,-0.8688,0.0038,-0.0278,0,0,0,Healthy,Stable / Low Growth
IRB INVIT FUND,2026,1484.55,338.61,370.79,0.0414,0.0147,1.1452,9361.01,22981.02,1274.77,0.8587,3.7647,0.0561,0.3694,-0.0477,0.8623,1.9276,0,0,0,Healthy,Revenue Growth Only
ISGEC HEAVY ENGINEERING  LTD,2026,6789.26,108.93,226.12000000000023,0.0398,0.0135,0.3475,950.91,8077.14,764.97,0.1127,7.0226,0.4172,0.0571,-0.5629,0.0085,0.1051,0,0,0,Healthy,Stable / Low Growth
ITC HOTELS LTD,2026,4139.4,816.89,1122.9800000000002,0.0701,0.0606,0.0064,74.19,13480.21,1109.85,0.2681,1.3586,10.179,0.1628,0.2873,0.0808,0.0121,0,0,0,Healthy,Stable / Low Growth
ITC LTD,2026,78868.4,20689.47,22932.470000000005,0.2853,0.221,0.0331,2399.06,93637.2,18464.31,0.2341,0.8924,1.2536,0.0471,-0.4046,0.064,7.4314,0,0,0,Healthy,Stable / Low Growth
ITI LTD,2026,2183.72,292.79,296.2300000000003,0.1581,0.0315,0.4131,764.99,9292.92,-135.4,-0.062,-0.4624,0.4579,-0.3962,-2.2558,-0.1058,-0.4834,0,0,0,Healthy,Declining
J B CHEMICALS & PHARMACEUTICALS LTD,2026,4147.79,709.47,764.2,0.1706,0.143,0.0009,3.59,4961.77,703.92,0.1697,0.9922,31.78,0.0587,0.0756,0.1633,-0.8713,0,0,0,Healthy,Stable / Low Growth
J K CEMENTS LTD,2026,13722.3,992.49,1268.309999999998,0.141,0.0536,0.8786,6182.99,18499.97,1872.99,0.1365,1.8872,0.0759,0.1552,0.1526,0.109,0.0257,0,0,0,Healthy,Stable / Low Growth
J KUMAR INFRAPROJECTS LTD,2026,5693.89,383.55,524.9199999999996,0.1141,0.0624,0.1752,589.03,6144.09,1116.45,0.1961,2.9108,1.1708,0.0001,-0.0177,0.0948,-0.1247,0,0,0,Healthy,Stable / Low Growth
JAI BALAJI INDUSTRIES LTD,2026,5784.27,129.95,91.96000000000072,0.0576,0.0319,0.1845,416.63,4077.46,357.97,0.0619,2.7547,0.1445,-0.0892,-0.7671,0.048,-0.2542,0,0,0,Healthy,Declining
JAMMU AND KASHMIR BANK LTD,2026,13150.73,2359.51,2963.5800000000004,0.143,0.0125,10.2288,168773.45,188959.75,-1125.67,-0.0856,-0.4771,0.0452,0.0486,0.1334,0.1153,0.1182,0,0,0,Moderate Risk,Stable / Low Growth
JAMNA AUTO INDUSTRIES LTD,2026,2611.59,230.98,358.30000000000024,0.2014,0.1401,0.0104,11.91,1648.3,510.47,0.1955,2.21,8.2432,0.1504,0.2809,0.081,-0.9667,0,0,0,Healthy,Stable / Low Growth
JANA SMALL FINANCE BANK LTD,2026,5352.87,326.43,326.4299999999997,0.0736,0.0069,9.3111,41281.25,47447.73,593.64,0.1109,1.8186,0.0604,0.1365,-0.349,0.2336,0.2515,0,0,0,Moderate Risk,Stable / Low Growth
JASH ENGINEERING LTD,2026,736.19,76.18,81.72000000000001,0.1468,0.0865,0.1978,102.69,880.6,56.08,0.0762,0.7362,0.9027,0.0014,-0.1314,0.1781,0.0367,0,0,0,Healthy,Stable / Low Growth
JAYASWAL NECO INDUSTRIES LTD,2026,7131.82,463.11,743.709999999999,0.163,0.0776,0.7422,2108.8,5970.14,1367.44,0.1917,2.9527,0.1267,0.1979,3.11,0.0398,-0.229,0,0,0,Healthy,Stable / Low Growth
JBM AUTO LTD,2026,6088.37,218.78,474.3599999999999,0.1422,0.0297,1.969,3028.8,7369.56,-59.86,-0.0098,-0.2736,0.0427,0.1126,0.0836,0.2598,0.1515,0,0,0,Healthy,Stable / Low Growth
JEENA SIKHO LIFECARE LTD,2026,801.35,222.18,280.61,0.4754,0.3301,0.2723,127.28,673.12,261.99,0.3269,1.1792,0.8389,0.7085,1.4488,1.0503,10.8621,0,0,0,Healthy,Quality Growth
JINDAL SAW LTD,2026,17895.17,973.35,-98.73000000000218,0.0774,0.0451,0.373,4690.74,21571.92,1771.39,0.099,1.8199,0.1157,-0.1408,-0.4401,0.0439,-0.0347,0,0,0,Healthy,Declining
JINDAL STAINLESS LTD,2026,42954.66,3193.45,4762.969999999998,0.1614,0.0785,0.377,7460.33,40703.62,3394.99,0.079,1.0631,0.3932,0.0927,0.2747,0.1333,0.1653,0,0,0,Healthy,Stable / Low Growth
JINDAL STEEL LTD,2026,53224.92,3367.38,2572.4500000000007,0.0662,0.0344,0.4442,22609.55,97761.77,7204.23,0.1354,2.1394,0.1832,0.0618,0.1974,0.1399,0.2284,0,0,0,Healthy,Stable / Low Growth
JINDAL WORLDWIDE LTD,2026,2285.54,69.81,208.00999999999996,0.0811,0.0421,0.6489,558.35,1659.15,216.01,0.0945,3.0943,0.6402,-0.0011,-0.0799,-0.0761,-0.2984,0,0,0,Healthy,Declining
JIO FINANCIAL SERVICES LTD,2026,3520.81,1560.9,1911.66,0.0117,0.0095,0.1626,21768.36,163466.98,-15438.64,-4.385,-9.8909,0.1653,0.7231,-0.0321,0.2245,4.4832,0,0,0,Healthy,Revenue Growth Only
JK LAKSHMI CEMENT LTD,2026,6762.63,412.05,667.7300000000006,0.106,0.0482,0.6655,2585.78,8548.11,1082.35,0.16,2.6267,0.1987,0.092,0.4885,0.0123,-0.0108,0,0,0,Healthy,Stable / Low Growth
JK PAPER LTD,2026,7076.03,265.84,218.11999999999824,0.0482,0.0252,0.4669,2577.52,10531.25,772.84,0.1092,2.9072,0.0695,0.0621,-0.3497,0.1202,0.3673,0,0,0,Healthy,Stable / Low Growth
JSW CEMENT LTD,2026,6501.28,-756.32,-763.8600000000001,-0.1155,-0.0526,0.6815,4464.39,14385.29,1170.21,0.18,-1.5472,0.1119,0.1238,5.6297,0.2108,-0.3197,0,0,0,Moderate Risk,Stable / Low Growth
JSW DULUX LTD,2026,3599.2,1973.8,2479.9,0.8051,0.5201,0.0323,79.1,3795.3,93.2,0.0259,0.0472,4.0412,-0.1155,3.5956,0.3072,0.2738,0,0,0,Healthy,Declining
JSW ENERGY LTD,2026,18901.13,2239.31,1985.8200000000036,0.0728,0.0181,2.5022,76945.78,123807.19,9898.31,0.5237,4.4202,0.0749,0.6092,0.1478,0.384,0.5332,0,0,0,Healthy,Revenue Growth Only
JSW HOLDINGS LTD,2026,179.45,121.59,162.97,0.0038,0.0034,0.0,0.0,36171.78,139.82,0.7792,1.1499,2.59,-0.2767,-0.304,0.0513,0.0,0,0,0,Healthy,Declining
JSW INFRASTRUCTURE LTD,2026,5361.44,1523.31,1872.8399999999992,0.14,0.0754,0.6342,6898.92,20215.11,2021.5,0.377,1.327,0.3359,0.1978,0.0135,0.2028,0.3683,0,0,0,Healthy,Stable / Low Growth
JSW STEEL LTD,2026,185470.0,22316.0,38688.0,0.223,0.0828,0.9926,99310.0,269658.0,25152.0,0.1356,1.1271,0.4127,0.0986,5.3687,0.1215,0.0057,0,0,0,Healthy,Stable / Low Growth
JTEKT INDIA LTD,2026,2665.58,76.89,82.08999999999986,0.0648,0.0389,0.2865,339.77,1976.92,99.3,0.0373,1.2915,0.2109,0.111,0.0217,0.3469,1.1776,0,0,0,Healthy,Stable / Low Growth
JTL INDUSTRIES LTD,2026,2136.36,98.47,83.64000000000053,0.0662,0.0493,0.1642,244.06,1996.28,-67.37,-0.0315,-0.6842,0.1816,0.1159,-0.0035,0.4908,2.2041,0,0,0,Healthy,Stable / Low Growth
JUBILANT FOODWORKS LTD,2026,9512.51,428.48,632.1200000000005,0.1869,0.0457,2.1387,4902.22,9366.64,1893.55,0.1991,4.4192,0.0479,0.1737,1.033,0.1145,0.1213,0,0,0,Healthy,Stable / Low Growth
JUBILANT PHARMOVA LTD,2026,8279.6,398.5,635.9000000000003,0.0562,0.0261,0.5096,3614.7,15272.0,1226.8,0.1482,3.0785,0.3506,0.1445,-0.5253,0.2136,0.3236,0,0,0,Healthy,Stable / Low Growth
JUNIPER GREEN ENERGY LTD,2026,718.93,40.46,55.19999999999996,0.0118,0.0021,4.019,13760.53,19500.07,469.99,0.6537,11.6162,0.244,0.4133,0.1091,0.8875,1.3047,0,0,0,Healthy,Revenue Growth Only
JUNIPER HOTELS LTD,2026,1047.68,141.61,191.9600000000001,0.0494,0.033,0.4161,1193.66,4288.17,393.92,0.376,2.7817,0.0092,0.1095,0.9864,-0.0238,-0.181,0,0,0,Healthy,Stable / Low Growth
JUST DIAL LTD,2026,1213.86,497.02,616.2299999999999,0.0973,0.0822,0.0165,84.51,6044.17,268.7,0.2214,0.5406,2.441,0.063,-0.1492,0.0948,-0.1535,0,0,0,Healthy,Stable / Low Growth
JYOTHY LABS LTD,2026,2944.29,333.19,438.3500000000004,0.2097,0.1479,0.0325,51.58,2252.36,412.13,0.14,1.2369,5.8963,0.0353,-0.1023,0.1129,-0.1583,0,0,0,Healthy,Stable / Low Growth
JYOTI CNC AUTOMATION LTD,2026,2093.13,336.0,462.8700000000001,0.1679,0.0929,0.4261,852.75,3615.33,54.39,0.026,0.1619,0.1606,0.1515,0.0633,0.2949,0.7162,0,0,0,Healthy,Stable / Low Growth
K P R MILL LTD,2026,6650.37,866.5,912.0399999999998,0.1521,0.1268,0.1046,596.14,6832.84,1107.84,0.1666,1.2785,2.2914,0.0411,0.063,0.1462,0.2794,0,0,0,Healthy,Stable / Low Growth
KAJARIA CERAMICS LTD,2026,4830.36,485.41,820.1199999999992,0.1583,0.1205,0.0746,228.59,4029.21,663.67,0.1374,1.3672,3.289,0.0421,0.6491,0.0729,-0.1653,0,0,0,Healthy,Stable / Low Growth
KALPATARU LTD,2026,3435.62,93.71,95.80999999999962,0.0228,0.0053,2.2271,9167.82,17682.41,848.24,0.2469,9.0518,0.09,0.5464,3.3344,0.0799,-0.0987,0,0,0,Healthy,Revenue Growth Only
KALPATARU PROJECTS INTERNATIONAL LTD,2026,27143.06,1040.05,1255.4099999999992,0.1337,0.0375,0.4556,3542.62,27701.73,1534.38,0.0565,1.4753,0.5199,0.2163,0.7757,0.0832,-0.1787,0,0,0,Healthy,Revenue Growth Only
KALYAN JEWELLERS INDIA LTD,2026,35742.86,1350.4,-7350.550000000007,0.2141,0.0652,0.9697,6117.33,20716.64,1317.52,0.0369,0.9757,0.1407,0.4271,0.8892,0.3696,0.2335,0,0,0,Healthy,Quality Growth
KALYANI STEELS LTD,2026,1845.61,255.14,342.7099999999998,0.1215,0.0853,0.2262,475.02,2990.45,141.73,0.0768,0.5555,1.6259,-0.0688,0.0083,0.0894,0.0855,0,0,0,Healthy,Declining
KAMA HOLDINGS LTD,2026,15929.77,930.74,1667.1400000000003,0.1162,0.0369,0.6339,5078.5,25231.13,2561.04,0.1608,2.7516,0.1376,0.0743,0.4733,0.1201,0.0769,0,0,0,Healthy,Stable / Low Growth
KANSAI NEROLAC PAINTS LTD,2026,8051.91,589.47,1010.42,0.0878,0.0677,0.0451,302.73,8711.11,894.37,0.1111,1.5172,0.7434,0.0293,-0.4843,0.0601,0.0214,0,0,0,Healthy,Stable / Low Growth
KARUR VYSYA BANK LTD,2026,11074.35,2510.33,3320.05,0.1779,0.0184,8.3846,118288.3,136603.1,-553.95,-0.05,-0.2207,0.0373,0.1443,0.2929,0.1444,0.1452,0,0,0,Moderate Risk,Stable / Low Growth
KAVERI SEED COMPANY LTD,2026,1394.76,295.84,-58.71999999999999,0.1684,0.1072,0.0,0.0,2758.89,-6.47,-0.0046,-0.0219,41.64,0.16,0.0516,0.0416,0.0,0,0,0,Healthy,Stable / Low Growth
KAYNES TECHNOLOGY INDIA LTD,2026,3626.35,363.89,163.62999999999963,0.0766,0.0528,0.1922,912.87,6894.02,-600.4,-0.1656,-1.6499,0.8739,0.3324,0.2401,0.4854,0.011,0,0,0,Healthy,Revenue Growth Only
KDDL LTD,2026,2153.43,88.1,-47.3800000000002,0.0816,0.032,0.4738,511.83,2754.81,143.89,0.0668,1.6333,1.4333,0.3068,-0.0688,0.3181,0.129,0,0,0,Healthy,Revenue Growth Only
KEC INTERNATIONAL LTD,2026,23505.54,605.59,138.50000000000205,0.0983,0.0241,0.8731,5377.76,25133.45,-414.12,-0.0176,-0.6838,0.0952,0.0759,0.0611,0.134,0.3589,0,0,0,Healthy,Stable / Low Growth
KEI INDUSTRIES LTD,2026,11747.77,918.43,318.7999999999982,0.1378,0.1025,0.038,253.02,8955.98,839.95,0.0715,0.9145,5.9548,0.2066,0.3188,0.2379,0.1649,0,0,0,Healthy,Quality Growth
KERNEX MICROSYSTEMS (INDIA) LTD,2026,430.22,88.34,-328.1,0.3561,0.0961,0.6534,162.11,919.14,-99.74,-0.2318,-1.129,0.1655,1.2671,0.7584,2.8313,3.0206,0,0,0,Healthy,Quality Growth
KESAR INDIA LTD,2026,176.45,29.88,268.73,0.1199,0.0681,0.1782,44.4,438.76,-128.13,-0.7262,-4.2882,0.8222,0.637,0.5434,2.9365,0.6288,0,0,0,Healthy,Quality Growth
KEWAL KIRAN CLOTHING LTD,2026,1212.77,141.9,140.37000000000012,0.1512,0.0948,0.1365,128.08,1496.52,183.31,0.1511,1.2918,1.3936,0.2094,-0.0179,0.0496,-0.2185,0,0,0,Healthy,Revenue Growth Only
KEYSTONE REALTORS LTD,2026,2634.54,78.86,508.90000000000015,0.0275,0.0117,0.5183,1484.0,6722.57,-509.05,-0.1932,-6.4551,0.5941,0.3146,-0.5414,0.0191,0.5952,0,0,0,Healthy,Revenue Growth Only
KFIN TECHNOLOGIES LTD,2026,1301.49,343.71,467.7900000000001,0.2054,0.1241,0.0331,55.44,2769.67,369.6,0.284,1.0753,3.7608,0.1932,0.0333,0.5827,0.1917,0,0,0,Healthy,Stable / Low Growth
KINGFA SCIENCE & TECHNOLOGY (INDIA) LTD,2026,1995.55,185.26,237.43,0.1324,0.1056,0.011,15.4,1754.2,66.21,0.0332,0.3574,25.6628,0.1438,0.212,0.518,-0.6419,0,0,0,Healthy,Stable / Low Growth
KIOCL LTD,2026,613.46,16.57,69.3100000000001,0.0095,0.0071,0.1105,191.87,2343.3,79.02,0.1288,4.7689,4.2818,0.0388,-1.081,0.0148,-0.0074,0,0,0,Healthy,Stable / Low Growth
KIRLOSKAR BROTHERS LTD,2026,4537.99,373.63,348.1799999999996,0.1516,0.0848,0.1015,250.09,4406.87,334.22,0.0736,0.8945,1.614,0.0102,-0.1002,0.2023,0.3777,0,0,0,Healthy,Stable / Low Growth
KIRLOSKAR FERROUS INDUSTRIES LTD,2026,6888.57,504.74,520.4500000000005,0.1306,0.0766,0.2682,1036.14,6588.95,941.98,0.1367,1.8663,0.1174,0.0494,0.7345,0.0379,-0.1894,0,0,0,Healthy,Stable / Low Growth
KIRLOSKAR INDUSTRIES LTD,2026,6957.6,227.54,541.9500000000002,0.0364,0.0195,0.178,1112.62,11690.24,871.19,0.1252,3.8287,0.2133,0.0496,0.5262,0.0034,-0.1326,0,0,0,Healthy,Stable / Low Growth
KIRLOSKAR OIL ENGINES LTD,2026,7701.01,574.32,686.230000000001,0.1586,0.053,1.4845,5374.33,10845.9,932.21,0.1211,1.6232,0.2326,0.2168,0.1741,0.0351,-0.0763,0,0,0,Healthy,Quality Growth
KIRLOSKAR PNEUMATIC COMPANY LTD,2026,1759.23,258.41,311.38000000000005,0.2066,0.1487,0.0002,0.24,1738.22,227.65,0.1294,0.881,94.6613,0.0802,0.2243,0.0774,-0.5385,0,0,0,Healthy,Stable / Low Growth
KNOWLEDGE MARINE & ENGINEERING WORKS LTD,2026,256.28,78.8,78.74999999999999,0.1382,0.0961,0.3895,222.06,820.08,74.34,0.2901,0.9434,0.3434,0.2769,0.5887,1.0567,0.6636,0,0,0,Healthy,Quality Growth
KNOWLEDGE REALTY TRUST,2026,3046.63,375.44,800.1500000000004,0.0087,0.0064,0.2863,12363.2,58243.17,2031.17,0.6667,5.4101,0.0528,0.0,-160.0847,3116.9427,0.0,0,0,0,Healthy,Declining
KNR CONSTRUCTIONS LTD,2026,2698.01,437.08,505.38000000000034,0.0879,0.0538,0.4916,2444.25,8121.55,-149.05,-0.0552,-0.341,0.1543,-0.4324,-0.5637,0.1389,0.3216,0,0,0,Healthy,Declining
KOLTE PATIL DEVELOPERS LTD,2026,734.96,-38.67,-3465.779999999998,-0.032,-0.0051,0.9806,1183.42,7557.43,217.02,0.2953,-5.6121,0.4312,-0.572,-1.3629,0.4284,0.039,0,0,0,Moderate Risk,Declining
KOTAK MAHINDRA BANK LTD,2026,69781.21,19287.89,25992.720000000016,0.1064,0.0192,3.6547,662333.86,1003352.79,41726.51,0.598,2.1634,0.0749,0.0626,-0.1283,0.1404,0.1182,0,0,0,Healthy,Stable / Low Growth
KOVAI MEDICAL CENTER & HOSPITAL LTD,2026,1585.64,244.46,325.7000000000001,0.1853,0.1183,0.3053,402.75,2066.8,361.83,0.2282,1.4801,0.86,0.1565,0.1699,0.1478,-0.0303,0,0,0,Healthy,Stable / Low Growth
KPI GREEN ENERGY LTD,2026,2695.91,476.13,701.41,0.1569,0.0482,1.7129,5196.95,9882.06,424.07,0.1573,0.8907,0.1076,0.5534,0.4899,1.0622,2.5237,0,0,0,Healthy,Revenue Growth Only
KPIT TECHNOLOGIES LTD,2026,6454.93,637.34,860.4000000000008,0.18,0.0895,0.2368,838.39,7120.86,1194.77,0.1851,1.8746,1.5974,0.1049,-0.2409,0.4346,1.431,0,0,0,Healthy,Stable / Low Growth
KRBL LTD,2026,6097.86,648.04,1390.0699999999997,0.1116,0.0982,0.0292,169.79,6597.92,932.53,0.1529,1.439,0.7156,0.0901,0.3613,0.0597,-0.5825,0,0,0,Healthy,Stable / Low Growth
KRISHANA PHOSCHEM LTD,2026,2418.0,180.15,-14.970000000000182,0.3213,0.1098,1.308,733.46,1640.71,-191.41,-0.0792,-1.0625,0.0577,0.7842,1.0817,0.5836,0.9496,0,0,0,Healthy,Quality Growth
KRISHNA INSTITUTE OF MEDICAL SCIENCES LTD,2026,3904.6,241.4,268.0999999999996,0.1074,0.0314,1.8924,4252.9,7690.7,510.8,0.1308,2.116,0.0176,0.2865,-0.3722,0.3518,0.6603,0,0,0,Healthy,Revenue Growth Only
KRN HEAT EXCHANGER AND REFRIGERATION LTD,2026,600.06,76.47,11.98000000000004,0.1332,0.0821,0.3263,187.31,931.82,-113.8,-0.1896,-1.4882,0.2466,0.3966,0.4461,0.5658,4.5964,0,0,0,Healthy,Quality Growth
KSH INTERNATIONAL LTD,2026,3106.97,110.13,-244.28000000000017,0.1363,0.0833,0.3974,321.15,1322.57,-64.97,-0.0209,-0.5899,0.2622,0.6113,0.6198,0.7755,-0.1237,0,0,0,Healthy,Quality Growth
KUSUMGAR LTD,2026,675.71,88.13,14.730000000000068,0.1491,0.0887,0.4903,289.79,993.31,35.78,0.053,0.406,0.1405,-0.1614,-0.1908,0.3595,-0.0381,0,0,0,Healthy,Declining
L G BALAKRISHNAN & BROS LTD,2026,3075.63,318.75,305.1200000000001,0.148,0.1064,0.1073,231.13,2994.86,331.71,0.1079,1.0407,1.1389,0.1929,0.0551,0.1564,0.4702,0,0,0,Healthy,Stable / Low Growth
L T FOODS LTD,2026,10945.56,625.38,-336.2400000000003,0.1383,0.069,0.3562,1610.05,9064.44,910.5,0.0832,1.4559,0.2092,0.2608,0.0331,0.2228,0.2768,0,0,0,Healthy,Quality Growth
L&T FINANCE LTD,2026,17913.67,2981.18,3998.1699999999983,0.1065,0.021,3.9415,110297.66,142183.73,-14189.24,-0.7921,-4.7596,0.0722,0.1249,0.1277,0.1811,0.1941,0,0,0,Healthy,Stable / Low Growth
L&T TECHNOLOGY SERVICES LTD,2026,10995.9,1279.2,1725.599999999999,0.1976,0.122,0.0894,578.5,10488.8,1455.1,0.1323,1.1375,2.8481,0.1404,0.0099,0.0895,0.0016,0,0,0,Healthy,Stable / Low Growth
LARSEN & TOUBRO LTD,2026,285874.36,16083.99,22049.56999999996,0.1472,0.0356,1.1483,125496.59,452382.77,16740.97,0.0586,1.0408,0.1661,0.1179,0.0696,0.1933,-0.0522,0,0,0,Healthy,Stable / Low Growth
LASER POWER & INFRA LTD,2026,2326.1,151.59,93.33999999999976,0.209,0.0576,1.2007,871.0,2632.36,-119.05,-0.0512,-0.7853,0.1838,-0.095,0.4638,0.1595,0.7267,0,0,0,Healthy,Declining
LATENT VIEW ANALYTICS LTD,2026,1060.19,198.12,261.1599999999999,0.1129,0.0951,0.0189,33.24,2082.99,164.53,0.1552,0.8305,9.7482,0.2505,0.1374,0.1646,0.1554,0,0,0,Healthy,Quality Growth
LAURUS LABS LTD,2026,6812.9,888.79,638.9999999999998,0.1677,0.0846,0.4752,2518.48,10511.19,1623.5,0.2383,1.8266,0.0451,0.2267,1.4804,0.1259,-0.0887,0,0,0,Healthy,Quality Growth
LAXMI ORGANIC INDUSTRIES LTD,2026,2846.67,79.36,119.08999999999968,0.04,0.023,0.2735,543.02,3443.17,174.9,0.0614,2.2039,0.1127,-0.0465,-0.3008,0.1309,1.1083,0,0,0,Healthy,Declining
LE TRAVENUES TECHNOLOGY LTD,2026,1228.04,72.13,88.53999999999996,0.0352,0.0284,0.0215,44.02,2541.31,195.73,0.1594,2.7136,9.9865,0.3432,0.1986,1.8102,0.0956,0,0,0,Healthy,Revenue Growth Only
LEAP INDIA LTD,2026,729.53,62.34,75.39000000000004,0.0902,0.026,2.1232,1466.78,2401.05,268.27,0.3677,4.3033,0.0047,0.5639,0.6597,0.1729,0.1942,0,0,0,Healthy,Revenue Growth Only
LEELA PALACES HOTELS & RESORTS LTD,2026,1527.29,403.13,488.2299999999999,0.063,0.0452,0.2828,1810.95,8923.68,776.71,0.5086,1.9267,0.1576,0.1743,7.4284,0.0795,-0.5627,0,0,0,Healthy,Stable / Low Growth
LEMON TREE HOTELS LTD,2026,1444.5,227.1,359.14,0.1632,0.053,1.4395,2003.65,4284.7,541.61,0.3749,2.3849,0.0488,0.1232,0.1553,0.0516,-0.0671,0,0,0,Healthy,Stable / Low Growth
LENSKART SOLUTIONS LTD,2026,8814.04,493.61,776.970000000002,0.0565,0.0347,0.3544,3096.6,14244.72,1669.59,0.1894,3.3824,0.4983,0.3249,0.6699,0.3711,0.1302,0,0,0,Healthy,Revenue Growth Only
LG ELECTRONICS INDIA LTD,2026,24604.91,1685.09,2423.1899999999973,0.2198,0.1236,0.0599,459.16,13636.26,1721.25,0.07,1.0215,9.7276,0.0098,-0.2352,0.184,0.0732,0,0,0,Healthy,Stable / Low Growth
LIC HOUSING FINANCE LTD,2026,28837.63,5603.67,7103.470000000001,0.1353,0.0172,6.6992,277538.95,325212.95,-8503.83,-0.2949,-1.5175,0.0049,0.0263,0.0297,0.0357,0.0252,0,0,0,Moderate Risk,Stable / Low Growth
LIFE INSURANCE CORPORATION OF INDIA,2026,977772.08,57453.15,53475.48000000011,0.3253,0.0097,0.0,0.0,5948556.4,-26211.48,-0.0268,-0.4562,72013.17,0.0987,0.189,0.0509,0.0,0,0,0,Healthy,Stable / Low Growth
LINDE INDIA LTD,2026,2530.64,550.87,705.6499999999999,0.1303,0.0955,0.0187,78.92,5769.26,785.5,0.3104,1.4259,1.4033,0.0182,0.2301,0.129,0.8626,0,0,0,Healthy,Stable / Low Growth
LLOYDS ENGINEERING WORKS LTD,2026,1301.14,189.88,163.73999999999995,0.1136,0.0803,0.065,108.57,2364.76,-252.9,-0.1944,-1.3319,3.6207,0.5385,0.841,1.3874,0.3136,0,0,0,Healthy,Quality Growth
LLOYDS ENTERPRISES LTD,2026,1756.25,283.44,432.5400000000001,0.0684,0.0395,0.1927,798.31,7180.18,-361.22,-0.2057,-1.2744,1.1368,0.1802,3.9639,0.6865,0.3394,0,0,0,Healthy,Stable / Low Growth
LLOYDS METALS & ENERGY LTD,2026,17112.67,3680.85,3797.68,0.2654,0.0884,1.4935,20716.36,41649.87,2921.32,0.1707,0.7937,0.1305,1.5461,1.5294,3.6742,18.3023,0,0,0,Healthy,Quality Growth
LMW LTD,2026,3207.42,130.73,164.1100000000006,0.0456,0.0307,0.0,0.0,4262.03,177.41,0.0553,1.3571,1264.47,0.0649,0.274,0.0634,0.0,0,0,0,Healthy,Stable / Low Growth
LODHA DEVELOPERS LTD,2026,16676.2,3428.2,4371.300000000001,0.1472,0.0584,0.425,9896.0,58679.6,959.3,0.0575,0.2798,0.3623,0.2102,0.2402,0.1831,0.395,0,0,0,Healthy,Quality Growth
LOHIA CORP LTD,2026,1717.0,193.36,154.94000000000025,0.3707,0.1483,0.3357,175.07,1303.65,325.16,0.1894,1.6816,0.1661,0.247,0.6531,0.3488,-0.2599,0,0,0,Healthy,Quality Growth
LORDS MARK INDUSTRIES LIMITED,2026,601.71,52.76,72.05000000000004,0.0533,0.0404,0.2772,274.5,1305.88,0.0,0.0,0.0,0.5201,0.0,-8.8395,284.1266,48.6383,0,0,0,Healthy,Declining
LTM LTD,2026,42307.6,5018.1,6791.099999999996,0.2089,0.1351,0.0961,2310.0,37148.5,4798.8,0.1134,0.9563,1.217,0.1131,0.0912,0.2141,0.0561,0,0,0,Healthy,Stable / Low Growth
LUMAX INDUSTRIES LTD,2026,4184.16,172.47,195.57000000000005,0.188,0.0502,1.0606,973.13,3435.1,372.56,0.089,2.1601,0.0269,0.2305,0.2327,0.2007,0.096,0,0,0,Healthy,Quality Growth
LUPIN LTD,2026,27958.03,5332.84,6547.65,0.2376,0.1398,0.2947,6616.18,38146.06,7334.5,0.2623,1.3753,0.8543,0.2312,0.6251,0.3164,0.2145,0,0,0,Healthy,Quality Growth
LUX INDUSTRIES LTD,2026,2937.11,101.45,-178.3699999999994,0.0549,0.033,0.3161,584.16,3077.86,-152.86,-0.052,-1.5068,0.166,0.1391,-0.3892,0.2071,1.0873,0,0,0,Healthy,Stable / Low Growth
M M FORGINGS LTD,2026,1545.16,113.86,274.8699999999998,0.1104,0.0447,1.198,1235.2,2548.52,239.7,0.1551,2.1052,0.1807,0.0462,-0.1646,0.0688,0.043,0,0,0,Healthy,Stable / Low Growth
MADHYA BHARAT AGRO PRODUCTS LTD,2026,1865.85,150.18,-143.9200000000002,0.2732,0.0893,1.557,855.91,1682.44,-127.38,-0.0683,-0.8482,0.029,0.7642,1.6127,0.7793,1.6885,0,0,0,Healthy,Quality Growth
MAHARASHTRA SCOOTERS LTD,2026,312.76,310.56,308.98999999999995,0.0112,0.0101,0.0,0.0,30791.0,267.05,0.8538,0.8599,7.58,0.6963,0.4488,-0.1098,0.0,0,0,0,Healthy,Revenue Growth Only
MAHARASHTRA SEAMLESS LTD,2026,4674.34,701.27,995.3800000000006,0.102,0.0906,0.0019,13.36,7739.04,933.24,0.1997,1.3308,5.5167,-0.1128,-0.098,0.1003,132.6,0,0,0,Healthy,Declining
MAHINDRA & MAHINDRA FINANCIAL SERVICES LTD,2026,21040.54,2854.53,3825.900000000001,0.1072,0.018,4.819,128370.44,158643.94,-12772.18,-0.607,-4.4744,0.059,0.1362,0.262,0.1009,0.0779,0,0,0,Healthy,Stable / Low Growth
MAHINDRA & MAHINDRA LTD,2026,198638.55,17098.85,26582.33999999999,0.1837,0.0541,1.4709,136935.91,316053.68,11657.36,0.0587,0.6818,0.2335,0.2476,0.3225,0.1451,0.0613,0,0,0,Healthy,Quality Growth
MAHINDRA HOLIDAYS & RESORTS INDIA LTD,2026,2991.74,69.51,488.34999999999945,0.0894,0.0062,4.9229,3829.42,11193.35,530.76,0.1774,7.6357,0.0266,0.0758,-0.4552,0.0769,0.2233,0,0,0,Healthy,Stable / Low Growth
MAHINDRA LIFESPACE DEVELOPERS LTD,2026,1178.31,298.13,-2069.8300000000004,0.0822,0.0359,0.1826,662.28,8294.83,-544.93,-0.4625,-1.8278,0.806,2.1652,3.8643,0.2919,-0.5399,0,0,0,Healthy,Revenue Growth Only
MAHINDRA LOGISTICS LTD,2026,6999.3,2.29,33.160000000000764,0.0019,0.0007,0.5531,649.75,3105.01,253.61,0.0362,110.7467,0.3066,0.1465,-1.0639,0.2041,-0.2521,0,0,0,Healthy,Stable / Low Growth
MAN INDUSTRIES (INDIA) LTD,2026,3563.9,170.48,-325.0400000000006,0.0817,0.034,0.301,627.98,5020.61,514.91,0.1445,3.0204,1.0449,0.0167,0.113,0.3285,0.3187,0,0,0,Healthy,Stable / Low Growth
MAN INFRACONSTRUCTION LTD,2026,630.46,200.58,-131.68000000000006,0.0885,0.0723,0.0282,63.98,2773.0,-49.7,-0.0788,-0.2478,6.6993,-0.431,-0.2905,0.2738,0.7972,0,0,0,Healthy,Declining
MANAPPURAM FINANCE LTD,2026,9509.41,1003.32,1270.22,0.0625,0.0135,3.6034,57836.61,74559.33,-20237.74,-2.1282,-20.1708,0.1063,-0.0502,-0.175,0.5153,0.6031,0,0,0,Healthy,Declining
MANGALORE REFINERY AND PETROCHEMICALS LTD,2026,88667.49,1924.58,2243.420000000009,0.1356,0.0433,1.0806,15341.03,44487.81,2531.2,0.0285,1.3152,0.0398,-0.0635,33.2391,0.2917,0.1672,0,0,0,Healthy,Declining
MANIPAL HEALTH ENTERPRISES LTD,2026,10335.75,892.32,1136.7699999999998,0.1059,0.0361,1.5266,12863.06,24734.66,2078.4,0.2011,2.3292,0.0251,0.254,-0.1624,0.7807,1.0145,0,0,0,Healthy,Revenue Growth Only
MANKIND PHARMA LTD,2026,14277.64,1912.93,2404.9199999999983,0.1174,0.0689,0.3872,6311.54,27754.83,3121.29,0.2186,1.6317,0.0765,0.1696,-0.0392,0.0037,-0.2585,0,0,0,Healthy,Stable / Low Growth
MAPLE INFRASTRUCTURE TRUST,2026,1585.45,-118.09,-98.57000000000006,-0.0264,-0.0078,1.645,7358.37,15233.58,850.57,0.5365,-7.2027,0.1486,1.0118,-0.0207,0.9219,0.5684,0,0,0,Moderate Risk,Revenue Growth Only
MARICO LTD,2026,13611.0,1762.0,1871.0,0.4185,0.1771,0.1323,557.0,9950.0,2084.0,0.1531,1.1827,0.8835,0.2567,0.0816,0.2024,0.0054,0,0,0,Healthy,Quality Growth
MARINE ELECTRICALS (INDIA) LTD,2026,876.94,58.37,75.39000000000017,0.1184,0.0656,0.1797,88.6,890.45,-16.06,-0.0183,-0.2751,1.6528,0.1432,0.5189,0.2288,0.6054,0,0,0,Healthy,Stable / Low Growth
MARKSANS PHARMA LTD,2026,2950.94,417.9,287.7200000000002,0.1382,0.1084,0.1136,343.38,3855.81,458.13,0.1552,1.0963,2.8737,0.1251,0.0981,0.1902,0.0667,0,0,0,Healthy,Stable / Low Growth
MARUTI SUZUKI INDIA LTD,2026,183316.0,14679.5,14573.49999999996,0.137,0.0986,0.001,102.5,148881.0,19099.9,0.1042,1.3011,15.2657,0.1988,0.0124,0.1281,0.1782,0,0,0,Healthy,Stable / Low Growth
MAS FINANCIAL SERVICES LTD,2026,1995.43,371.21,504.99,0.1248,0.027,3.469,10317.49,13746.6,-1786.77,-0.8954,-4.8134,0.0973,0.2493,0.196,0.1269,0.1269,0,0,0,Healthy,Revenue Growth Only
MASTEK LTD,2026,3698.75,404.0,521.2200000000003,0.135,0.0938,0.1465,438.26,4308.83,541.69,0.1465,1.3408,1.6053,0.0705,0.0747,0.1196,-0.2484,0,0,0,Healthy,Stable / Low Growth
MAX ESTATES LTD,2026,199.45,12.51,23.25,0.0052,0.001,0.9967,2411.87,12414.01,-615.65,-3.0867,-49.2126,0.2549,0.2428,-0.6935,0.7171,0.4563,0,0,0,Healthy,Revenue Growth Only
MAX FINANCIAL SERVICES LTD,2026,47674.22,83.99,120.90000000001224,0.0159,0.0004,0.3519,1858.65,198935.55,11472.7,0.2406,136.596,1.1492,0.0259,-0.7433,0.046,0.811,0,0,0,Healthy,Stable / Low Growth
MAX HEALTHCARE INSTITUTE LTD,2026,8373.45,1442.41,1658.1200000000008,0.1342,0.0839,0.3237,3478.36,17184.45,1633.32,0.1951,1.1324,0.2014,0.1914,0.3407,0.1316,0.1555,0,0,0,Healthy,Stable / Low Growth
MAYUR UNIQUOTERS LTD,2026,967.02,191.74,247.2,0.1693,0.1519,0.0069,7.78,1261.95,133.15,0.1377,0.6944,9.2415,0.0987,0.2843,0.1966,-0.1384,0,0,0,Healthy,Stable / Low Growth
MAZAGON DOCK SHIPBUILDERS LTD,2026,13006.31,2583.27,3236.7899999999977,0.2648,0.094,0.0459,447.37,27474.33,-2653.88,-0.204,-1.0273,29.2091,0.1377,0.0703,-0.0462,21.0054,0,0,0,Healthy,Stable / Low Growth
MEDPLUS HEALTH SERVICES LTD,2026,6892.47,219.65,206.1500000000008,0.1112,0.0559,0.7211,1424.38,3932.52,495.58,0.0719,2.2562,0.3242,0.1233,0.4612,0.1704,0.272,0,0,0,Healthy,Stable / Low Growth
MEESHO LTD,2026,12626.35,-1357.74,-1209.2699999999995,-0.3095,-0.1717,0.0143,62.63,7906.75,-3875.34,-0.3069,2.8543,29.7522,0.3447,-0.6555,0.0942,0.0748,0,0,0,Moderate Risk,Revenue Growth Only
METRO BRANDS LTD,2026,2863.63,411.17,113.14999999999988,0.2063,0.1024,0.7878,1570.21,4015.3,473.79,0.1655,1.1523,0.0266,0.1421,0.1727,0.2042,0.2796,0,0,0,Healthy,Stable / Low Growth
MIDWEST ENERGY LTD,2026,8.66,-14.01,-12.09,-0.035,-0.0196,0.7528,301.62,713.95,-9.8,-1.1316,0.6995,0.7258,10.1026,1.5018,2.4902,1.8465,0,0,0,Moderate Risk,Revenue Growth Only
MIDWEST LTD,2026,645.62,104.85,124.04999999999998,0.1089,0.0767,0.1999,192.42,1366.77,174.72,0.2706,1.6664,1.1828,0.031,-0.1435,0.294,-0.2039,0,0,0,Healthy,Stable / Low Growth
MINDA CORPORATION LTD,2026,6185.3,360.3,286.49999999999983,0.1365,0.0657,0.5594,1476.2,5486.6,675.6,0.1092,1.8751,0.0996,0.2233,0.4107,0.1258,-0.0855,0,0,0,Healthy,Quality Growth
MINDSPACE BUSINESS PARKS REIT,2026,3216.35,651.86,1172.3300000000002,0.0433,0.0206,0.8634,12991.06,31572.67,2413.89,0.7505,3.7031,0.0998,0.2389,0.3686,0.1656,0.283,0,0,0,Healthy,Revenue Growth Only
MISHRA DHATU NIGAM LTD,2026,1208.62,130.79,213.50999999999976,0.0854,0.0406,0.2658,406.84,3220.13,154.67,0.128,1.1826,0.4713,0.1252,0.1882,0.105,0.1632,0,0,0,Healthy,Stable / Low Growth
MMTC LTD,2026,1.41,387.38,639.31,0.1827,0.1386,0.0,0.02,2795.87,-605.26,-429.2624,-1.5624,1753.598,0.2051,3.4717,-0.1962,-0.9918,0,0,0,Healthy,Quality Growth
MOIL LTD,2026,1472.84,267.48,209.89999999999992,0.0987,0.0834,0.0,0.0,3205.67,157.26,0.1068,0.5879,710.61,-0.069,-0.2991,-0.0018,0.0,0,0,0,Healthy,Declining
MONARCH NETWORTH CAPITAL LTD,2026,372.17,181.19,244.32,0.1865,0.1152,0.0383,37.21,1572.32,114.2,0.3068,0.6303,18.5462,0.1362,0.2138,0.2726,3.0446,0,0,0,Healthy,Stable / Low Growth
MOREPEN LABORATORIES LTD,2026,1805.69,94.88,115.6199999999998,0.0761,0.049,0.1668,207.85,1936.12,32.64,0.0181,0.344,0.3296,-0.0033,-0.1961,0.0889,0.9778,0,0,0,Healthy,Declining
MOSCHIP TECHNOLOGIES LTD,2026,585.15,35.2,35.76000000000002,0.0861,0.0474,0.2156,88.09,743.04,92.8,0.1586,2.6364,1.6756,0.2534,0.052,0.6746,3.1611,0,0,0,Healthy,Revenue Growth Only
MOTHERSON SUMI WIRING INDIA LTD,2026,11477.6,625.2,453.1000000000007,0.2892,0.1317,0.1079,233.2,4745.7,761.3,0.0663,1.2177,0.2955,0.2316,0.0319,0.2727,-0.1337,0,0,0,Healthy,Quality Growth
MOTILAL OSWAL FINANCIAL SERVICES LTD,2026,9381.37,1869.31,2472.0700000000006,0.145,0.0431,1.6492,21255.11,43400.79,-6070.7,-0.6471,-3.2476,0.6343,0.1249,-0.2528,0.2796,0.4428,0,0,0,Healthy,Stable / Low Growth
MPHASIS LTD,2026,15879.65,1862.6,2509.2700000000004,0.1734,0.1058,0.2438,2619.68,17608.98,1253.28,0.0789,0.6729,0.6688,0.1159,0.0943,0.1943,0.3874,0,0,0,Healthy,Stable / Low Growth
MPS LTD,2026,768.37,173.22,229.29000000000005,0.2905,0.1839,0.1017,60.63,941.91,196.79,0.2561,1.1361,1.534,0.0571,0.1633,0.4057,15.4309,0,0,0,Healthy,Stable / Low Growth
MRF LTD,2026,31148.57,2426.09,4432.459999999998,0.1157,0.0759,0.1529,3206.66,31953.51,4590.3,0.1474,1.8921,0.6805,0.1064,0.2951,0.0763,-0.1497,0,0,0,Healthy,Stable / Low Growth
MRS BECTORS FOOD SPECIALITIES LTD,2026,1899.37,118.78,165.6599999999998,0.1011,0.0777,0.1452,170.6,1528.98,189.05,0.0995,1.5916,1.1167,0.0904,-0.0186,0.0488,-0.0705,0,0,0,Healthy,Stable / Low Growth
MRUGESH TRADING LTD,2026,11.33,-0.24,-3.75,-0.0033,-0.0032,0.0349,2.52,74.78,-56.38,-4.9762,234.9167,0.0881,-0.4402,-1.6857,3.0118,0.0,0,0,0,Moderate Risk,Declining
MSTC LTD,2026,369.66,218.43,292.44,0.2416,0.1086,0.1604,145.0,2010.71,-27.79,-0.0752,-0.1272,9.093,0.1888,-0.4634,-0.0508,0.0,0,0,0,Healthy,Stable / Low Growth
MTAR TECHNOLOGIES LTD,2026,876.11,95.32,37.749999999999815,0.1154,0.0546,0.4561,376.57,1744.3,191.66,0.2188,2.0107,0.0559,0.2961,0.7701,0.5461,1.1246,0,0,0,Healthy,Quality Growth
MULTI COMMODITY EXCHANGE OF INDIA LTD,2026,2302.0,1331.55,1690.3300000000002,0.4675,0.1775,0.0017,4.76,7500.63,3034.72,1.3183,2.2791,440.434,1.0689,1.3776,0.7342,3.7129,0,0,0,Healthy,Quality Growth
MUTHOOT FINANCE LTD,2026,31209.23,10590.34,14304.850000000002,0.2706,0.0541,3.8795,151806.49,195753.99,-47392.65,-1.5185,-4.4751,0.0848,0.5439,0.9859,0.4737,0.5275,0,0,0,Healthy,Quality Growth
MUTHOOT MICROFIN LTD,2026,2375.05,170.27,208.90999999999988,0.0597,0.0134,3.4009,9707.25,12684.8,-580.33,-0.2443,-3.4083,0.1175,-0.0733,-1.7652,0.1684,0.1982,0,0,0,Healthy,Declining
NACL INDUSTRIES LTD,2026,1584.46,4.57,-46.55000000000009,0.0067,0.0034,0.4568,311.96,1363.93,-104.14,-0.0657,-22.7877,0.1106,0.2835,-1.0496,0.1153,-0.2175,0,0,0,Healthy,Revenue Growth Only
NARAYANA HRUDAYALAYA LTD,2026,7896.04,805.6,875.7999999999989,0.1776,0.0645,1.291,5857.5,12482.49,1621.19,0.2053,2.0124,0.3634,0.4401,0.0195,0.7168,1.4121,0,0,0,Healthy,Quality Growth
NATCO PHARMA LTD,2026,4078.3,1418.5,1278.4000000000003,0.1538,0.1281,0.0774,713.9,11073.7,1768.3,0.4336,1.2466,2.1694,-0.0793,-0.2476,0.2831,1.5551,0,0,0,Healthy,Declining
NATIONAL ALUMINIUM COMPANY LTD,2026,17843.05,5797.01,8096.139999999999,0.2683,0.2184,0.0028,59.83,26544.4,6437.97,0.3608,1.1106,138.217,0.0629,0.1004,0.16,-0.6708,0,0,0,Healthy,Stable / Low Growth
NATIONAL FERTILIZER LTD,2026,21514.18,211.49,219.5899999999997,0.0744,0.018,1.3952,3963.7,11724.31,-1341.75,-0.0624,-6.3443,0.0149,0.0867,0.1495,0.2586,0.9808,0,0,0,Healthy,Stable / Low Growth
NATIONAL HIGHWAYS INFRA TRUST,2026,4321.57,685.52,319.9499999999997,0.0288,0.0134,1.0524,25047.7,50993.58,3820.36,0.884,5.5729,0.0274,0.7908,1.1092,0.1325,0.1553,0,0,0,Healthy,Revenue Growth Only
NATIONAL SECURITIES DEPOSITORY LTD,2026,1529.96,379.74,505.5500000000001,0.1602,0.0994,0.007,16.59,3819.49,713.49,0.4663,1.8789,28.8704,0.0773,0.1067,0.2796,0.6377,0,0,0,Healthy,Stable / Low Growth
NAVA LTD,2026,4290.92,786.67,1650.9,0.09,0.0548,0.2546,2226.41,14365.06,2312.33,0.5389,2.9394,0.9495,0.0772,-0.2793,0.2755,1.4927,0,0,0,Healthy,Stable / Low Growth
NAVIN FLUORINE INTERNATIONAL LTD,2026,3313.9,663.55,829.0700000000008,0.1669,0.104,0.32,1271.75,6379.12,893.57,0.2696,1.3467,0.0761,0.4105,1.2994,0.3206,-0.1327,0,0,0,Healthy,Quality Growth
NAVNEET EDUCATION LTD,2026,1721.0,352.0,427.0,0.1724,0.1372,0.0529,108.0,2566.0,307.0,0.1784,0.8722,0.6147,-0.0335,-0.5359,0.0901,-0.4591,0,0,0,Healthy,Declining
NAZARA TECHNOLOGIES LTD,2026,1828.98,95.84,52.72999999999996,0.0276,0.0219,0.0619,214.93,4371.18,148.63,0.0813,1.5508,1.1815,0.1263,0.264,-0.0106,-0.018,0,0,0,Healthy,Stable / Low Growth
NBCC (INDIA) LTD,2026,12888.61,720.03,533.7599999999995,0.2386,0.0442,0.0001,0.26,16273.78,439.46,0.0341,0.6103,5171.2063,0.0706,0.3306,0.1889,-0.35,0,0,0,Healthy,Stable / Low Growth
NCC LTD,2026,20823.0,675.32,483.5400000000029,0.0858,0.026,0.4393,3457.0,25965.05,-458.51,-0.022,-0.679,0.3727,-0.062,-0.1763,0.2364,1.1693,0,0,0,Healthy,Declining
NDR INVIT TRUST,2026,420.24,114.96,170.80000000000004,0.0304,0.0178,0.5684,2152.51,6443.31,531.03,1.2636,4.6193,0.2026,0.2966,-0.1524,0.1517,0.4829,0,0,0,Healthy,Revenue Growth Only
NEOGEN CHEMICALS LTD,2026,861.96,28.75,-302.1999999999999,0.0352,0.0099,1.7091,1395.09,2901.87,-231.48,-0.2686,-8.0515,0.0035,0.1085,-0.1746,0.6608,1.3379,0,0,0,Healthy,Stable / Low Growth
NEPHROCARE HEALTH SERVICES LTD,2026,998.85,76.84,97.47,0.0688,0.0524,0.0714,79.71,1467.32,232.58,0.2328,3.0268,3.1652,0.3216,0.1452,0.4756,-0.6951,0,0,0,Healthy,Revenue Growth Only
NESCO LTD,2026,932.06,412.74,510.39,0.1377,0.1119,0.0907,271.72,3688.92,387.79,0.4161,0.9396,0.0914,0.2733,0.1,0.2233,279.1237,0,0,0,Healthy,Quality Growth
NESTLE INDIA LTD,2026,23154.6,3544.6,4273.189999999999,0.6676,0.2654,0.0837,444.16,13357.17,5047.56,0.218,1.424,3.0121,0.1462,0.0694,0.0838,-0.6194,0,0,0,Healthy,Stable / Low Growth
NETWEB TECHNOLOGIES INDIA LTD,2026,2183.56,205.82,302.1399999999997,0.2846,0.0913,0.3902,282.23,2254.93,171.49,0.0785,0.8332,2.0808,0.9004,0.7979,1.5241,34.5006,0,0,0,Healthy,Quality Growth
NETWORK 18 MEDIA & INVESTMENTS LTD,2026,2120.82,152.21,155.23000000000036,0.0309,0.0169,0.6685,3287.71,8995.7,-28.1,-0.0132,-0.1846,0.0121,-0.6921,-1.0902,0.0586,0.1108,0,0,0,Healthy,Declining
NETWORK PEOPLE SERVICES TECHNOLOGIES LTD,2026,194.9,40.83,59.14000000000001,0.0927,0.0803,0.0312,13.76,508.26,-45.43,-0.2331,-1.1127,20.9607,0.1252,-0.0967,2.4819,0.4348,0,0,0,Healthy,Stable / Low Growth
NEULAND LABORATORIES LTD,2026,2022.99,364.0,360.4599999999999,0.1942,0.1242,0.1607,301.27,2930.14,346.68,0.1714,0.9524,1.1743,0.3698,0.3994,0.3442,0.9172,0,0,0,Healthy,Quality Growth
NEW INDIA ASSURANCE COMPANY LTD,2026,49757.62,1412.26,1232.8300000000054,0.0495,0.0128,0.0,0.0,110348.74,-4532.06,-0.0911,-3.2091,19289.89,0.1428,0.3624,0.0053,0.0,0,0,0,Healthy,Stable / Low Growth
NEWGEN SOFTWARE TECHNOLOGIES LTD,2026,1574.4,300.58,387.29000000000025,0.1691,0.1231,0.0221,39.36,2442.48,231.86,0.1473,0.7714,10.1962,0.0589,-0.0465,0.1943,-0.264,0,0,0,Healthy,Stable / Low Growth
NEXUS SELECT TRUST,2026,2568.0,403.47,743.2899999999998,0.0305,0.0197,0.4696,6203.15,20511.79,1661.99,0.6472,4.1192,0.0097,0.1249,-0.1643,-0.0004,0.1626,0,0,0,Healthy,Stable / Low Growth
NHPC LTD,2026,11615.29,3765.74,3893.6800000000007,0.0909,0.0314,1.2628,52326.69,120010.89,3293.62,0.2836,0.8746,0.0698,0.119,0.2525,0.1688,0.3228,0,0,0,Healthy,Stable / Low Growth
NIIT LEARNING SYSTEMS LTD,2026,1951.98,247.72,331.24999999999994,0.1606,0.0809,0.2062,318.16,3060.4,288.44,0.1478,1.1644,1.2365,0.1807,0.0889,0.3997,2.0946,0,0,0,Healthy,Stable / Low Growth
NIPPON LIFE INDIA ASSET MANAGEMENT LTD,2026,2923.8,1529.38,1971.9600000000005,0.3283,0.2945,0.0162,75.34,5192.28,1466.02,0.5014,0.9586,3.9576,0.1611,0.1889,0.1118,-0.1442,0,0,0,Healthy,Stable / Low Growth
NIRLON LTD,2026,669.17,345.98,371.94,0.7383,0.1538,2.4475,1146.9,2249.69,477.48,0.7135,1.3801,0.2594,0.052,0.5857,0.003,0.0005,0,0,0,Healthy,Stable / Low Growth
NITIN SPINNERS LTD,2026,3213.87,177.55,271.78999999999974,0.1207,0.0609,0.7646,1124.49,2914.61,410.52,0.1277,2.3121,0.0077,-0.0262,0.0121,0.0667,-0.0345,0,0,0,Healthy,Declining
NIVA BUPA HEALTH INSURANCE COMPANY LTD,2026,6694.69,130.78,126.80999999999976,0.0345,0.0116,0.066,250.0,11275.86,904.86,0.1352,6.9189,0.6321,0.2457,-0.3875,0.1553,0.0,0,0,0,Healthy,Revenue Growth Only
NLC INDIA LTD,2026,17489.53,3522.2,3778.279999999999,0.1636,0.054,1.2958,27891.78,65202.26,5166.07,0.2954,1.4667,0.0302,0.1414,0.3437,0.126,0.2436,0,0,0,Healthy,Stable / Low Growth
NMDC LTD,2026,32070.89,7450.42,10620.78,0.2187,0.1542,0.1881,6406.81,48320.2,4996.25,0.1558,0.6706,1.7771,0.3416,0.1408,0.1783,0.4984,0,0,0,Healthy,Quality Growth
NMDC STEEL LTD,2026,13641.81,58.72,672.1599999999999,0.0045,0.0021,0.3502,4613.18,28237.28,1795.5,0.1316,30.5773,0.1734,0.6043,-1.0247,-0.0082,-0.2193,0,0,0,Healthy,Revenue Growth Only
NORTHERN ARC CAPITAL LTD,2026,2690.73,406.02,535.5600000000001,0.1042,0.0242,3.1467,12258.35,16744.6,-1540.6,-0.5726,-3.7944,0.0405,0.1478,0.3332,0.2278,0.2432,0,0,0,Healthy,Stable / Low Growth
NOVARTIS INDIA LTD,2026,354.33,93.18,105.24000000000004,0.1139,0.0952,0.0039,3.21,978.27,46.73,0.1319,0.5015,158.5986,-0.0054,-0.0765,0.0321,-0.3656,0,0,0,Healthy,Declining
NRB BEARINGS LTD,2026,1335.15,142.75,197.6800000000004,0.1483,0.1053,0.1599,153.88,1355.59,240.87,0.1804,1.6874,0.2159,0.1139,0.797,0.0379,-0.1781,0,0,0,Healthy,Stable / Low Growth
NTPC GREEN ENERGY LTD,2026,2858.42,522.6,682.6600000000001,0.0276,0.0087,1.6723,31716.14,60381.79,2386.2,0.8348,4.566,0.0195,0.2936,0.0991,0.3294,0.6314,0,0,0,Healthy,Revenue Growth Only
NTPC LTD,2026,187378.73,27052.52,24669.340000000004,0.1331,0.0484,1.3338,271004.58,558643.56,50901.81,0.2717,1.8816,0.0295,-0.004,0.155,0.0671,0.0836,0,0,0,Healthy,Declining
NUVAMA WEALTH MANAGEMENT LTD,2026,4630.69,1041.04,1384.9699999999996,0.2526,0.0302,2.8012,11543.52,34491.27,-3013.53,-0.6508,-2.8947,1.9032,0.1125,0.0556,0.215,0.4726,0,0,0,Healthy,Stable / Low Growth
NUVOCO VISTAS CORPORATION LTD,2026,11338.29,359.35,708.9199999999997,0.0351,0.0177,0.4806,4916.1,20299.02,1485.17,0.131,4.1329,0.0196,0.0948,15.4538,0.1179,0.2068,0,0,0,Healthy,Stable / Low Growth
OBEROI REALTY LTD,2026,6009.06,2507.43,1802.1700000000003,0.1399,0.099,0.1577,2825.4,25327.14,1379.86,0.2296,0.5503,0.6003,0.1367,0.1267,0.115,-0.1439,0,0,0,Healthy,Stable / Low Growth
OIL & NATURAL GAS CORPN LTD,2026,662243.41,41424.38,61153.31000000006,0.1114,0.0523,0.4689,174316.49,791905.18,112719.34,0.1702,2.7211,0.1846,0.082,0.1435,0.0521,-0.0719,0,0,0,Healthy,Stable / Low Growth
OIL INDIA LTD,2026,33946.13,6619.94,9095.019999999997,0.1141,0.0535,0.6462,37477.98,123848.04,10683.75,0.3147,1.6139,0.1497,0.0707,0.0105,0.1815,0.223,0,0,0,Healthy,Stable / Low Growth
OLA ELECTRIC MOBILITY LTD,2026,2253.0,-1833.0,-1407.0,-0.547,-0.2354,0.8245,2763.0,7788.0,-775.0,-0.344,0.4228,0.5579,-0.5009,-0.1946,-0.2968,-0.223,0,0,0,Moderate Risk,Declining
OMNITECH ENGINEERING LTD,2026,511.3,79.36,-38.78,0.1168,0.0632,0.6396,434.72,1254.78,-1.98,-0.0039,-0.0249,0.3759,0.4911,0.8082,1.0034,0.2041,0,0,0,Healthy,Quality Growth
ONE 97 COMMUNICATIONS LTD,2026,8437.0,553.0,582.0,0.0345,0.0231,0.0121,194.0,23915.0,-743.0,-0.0881,-1.3436,66.7949,0.2227,-1.8395,0.115,0.2095,0,0,0,Healthy,Revenue Growth Only
ONEMI TECHNOLOGY SOLUTIONS LTD,2026,2188.22,281.45,376.68,0.2096,0.0706,1.4359,1928.08,3988.57,-460.82,-0.2106,-1.6373,0.125,0.6179,0.7523,0.4766,0.2346,0,0,0,Healthy,Quality Growth
ONESOURCE SPECIALTY PHARMA LTD,2026,1421.59,-73.8,-76.17999999999998,-0.0127,-0.009,0.2579,1503.94,8210.01,8.52,0.006,-0.1154,0.0648,-0.0161,3.1068,0.0722,0.9491,0,0,0,Moderate Risk,Declining
OPTIEMUS INFRACOM LTD,2026,1768.62,66.01,59.43000000000019,0.085,0.0359,0.48,372.82,1838.17,-12.15,-0.0069,-0.1841,0.1118,-0.0642,0.0423,0.1883,0.8872,0,0,0,Healthy,Declining
ORACLE FINANCIAL SERVICES SOFTWARE LTD,2026,7672.1,2639.3,3680.100000000001,0.3372,0.2672,0.0042,32.5,9876.1,2638.3,0.3439,0.9996,164.4716,0.1205,0.1091,-0.019,-0.2873,0,0,0,Healthy,Stable / Low Growth
ORCHID PHARMA LTD,2026,811.33,20.55,144.72,0.016,0.0108,0.2816,362.59,1910.91,101.2,0.1247,4.9246,0.2289,-0.12,-0.7938,0.1321,1.0766,0,0,0,Healthy,Declining
ORIANA POWER LTD,2026,1813.67,252.34,346.66000000000014,0.3305,0.0984,0.6661,508.55,2563.27,337.04,0.1858,1.3357,0.5614,0.8372,0.5915,0.8807,0.8793,0,0,0,Healthy,Quality Growth
ORIENT ELECTRIC LTD,2026,3326.39,95.84,170.95000000000007,0.1261,0.0575,0.1228,93.35,1666.61,110.02,0.0331,1.148,0.3467,0.0752,0.1518,0.072,0.0801,0,0,0,Healthy,Stable / Low Growth
ORKLA INDIA LTD,2026,2509.14,285.67,376.4900000000002,0.1039,0.084,0.0228,62.81,3401.96,261.18,0.1041,0.9143,0.3587,0.0478,0.1173,0.0727,0.1546,0,0,0,Healthy,Stable / Low Growth
OSWAL PUMPS LTD,2026,2064.39,376.28,501.3499999999998,0.2236,0.1753,0.1411,237.48,2146.19,-77.08,-0.0373,-0.2048,1.6388,0.4433,0.3409,1.0048,-0.2845,0,0,0,Healthy,Quality Growth
P I INDUSTRIES LTD,2026,6713.7,1320.8,1046.6999999999998,0.1176,0.0985,0.0305,342.3,13405.3,474.0,0.0706,0.3589,6.3568,-0.1585,-0.2044,0.0944,0.8593,0,0,0,Healthy,Declining
P N GADGIL JEWELLERS LTD,2026,10739.1,409.82,551.8599999999983,0.2088,0.0826,0.885,1737.09,4964.17,-716.9,-0.0668,-1.7493,0.2902,0.4156,0.8776,0.5788,0.8671,0,0,0,Healthy,Quality Growth
PACE DIGITEK LTD,2026,2641.27,297.57,363.88999999999976,0.1348,0.056,0.4444,980.99,5314.21,-916.92,-0.3472,-3.0814,0.7832,0.083,0.112,1.0061,5.0724,0,0,0,Healthy,Stable / Low Growth
PAISALO DIGITAL LTD,2026,943.7,237.21,318.4100000000001,0.1323,0.0377,2.4315,4359.67,6299.73,-782.76,-0.8295,-3.2999,0.0344,0.2345,0.1853,0.1989,0.2248,0,0,0,Healthy,Revenue Growth Only
PANAMA PETROCHEM LTD,2026,3064.26,212.5,239.4599999999998,0.1447,0.1108,0.0755,110.86,1918.73,-69.38,-0.0226,-0.3265,0.7365,0.0972,0.1362,0.2591,2.4006,0,0,0,Healthy,Stable / Low Growth
PARADEEP PHOSPHATES LTD,2026,21826.34,996.35,-815.7399999999978,0.1469,0.0556,1.0182,6906.28,17935.96,-1011.86,-0.0464,-1.0156,0.0567,0.5793,0.8057,0.6091,0.5846,0,0,0,Healthy,Quality Growth
PARK MEDI WORLD LTD,2026,1679.36,258.12,356.0899999999996,0.1277,0.0918,0.1801,364.18,2813.15,329.09,0.196,1.2749,1.1813,0.2051,0.2581,0.3184,-0.4661,0,0,0,Healthy,Quality Growth
PATANJALI FOODS LTD,2026,40169.58,1814.87,1737.1599999999992,0.1386,0.0965,0.2129,2788.83,18803.27,-332.58,-0.0083,-0.1833,0.2675,0.176,0.3946,0.2117,2.5406,0,0,0,Healthy,Stable / Low Growth
PB FINTECH LTD,2026,6794.02,669.94,707.3700000000006,0.0916,0.0769,0.0493,360.15,8706.52,41.49,0.0061,0.0619,2.104,0.365,0.8978,0.1563,0.1177,0,0,0,Healthy,Revenue Growth Only
PC JEWELLER LTD,2026,3352.88,714.46,-401.01,0.0874,0.0758,0.1427,1166.56,9424.76,-77.46,-0.0231,-0.1084,0.1166,0.4941,0.2367,0.1204,-0.4577,0,0,0,Healthy,Revenue Growth Only
PCBL CHEMICAL LTD,2026,8189.3,197.87,322.62000000000063,0.0494,0.0175,1.2453,4989.06,11294.54,1576.04,0.1925,7.965,0.0577,-0.0256,-0.5447,-0.0365,-0.1045,0,0,0,Healthy,Declining
PDS LTD,2026,13110.08,111.69,44.28999999999884,0.0633,0.0212,0.7167,1264.0,5265.64,780.85,0.0596,6.9912,0.819,0.0423,-0.2881,0.1096,0.0259,0,0,0,Healthy,Stable / Low Growth
PERSISTENT SYSTEMS LTD,2026,14748.45,1865.12,2411.21,0.238,0.1644,0.0609,477.45,11343.92,1767.13,0.1198,0.9475,2.5462,0.2353,0.3321,0.3007,0.5357,0,0,0,Healthy,Quality Growth
PETRONET LNG LTD,2026,43494.91,3912.53,5123.900000000009,0.1756,0.1426,0.1051,2341.46,27440.0,4750.04,0.1092,1.2141,4.3177,-0.1469,-0.0151,0.0042,-0.1186,0,0,0,Healthy,Declining
PFIZER LTD,2026,2519.65,722.43,908.49,0.1719,0.1468,0.0167,70.23,4921.88,967.57,0.384,1.3393,43.672,0.1045,-0.0588,0.0022,-0.3521,0,0,0,Healthy,Stable / Low Growth
PG ELECTROPLAST LTD,2026,5288.02,196.57,55.42000000000011,0.0645,0.0331,0.1957,596.53,5946.68,66.22,0.0125,0.3369,0.6516,0.0859,-0.317,0.1608,0.5528,0,0,0,Healthy,Stable / Low Growth
PHOENIX MILLS LTD,2026,4422.8,1223.82,2026.75,0.1114,0.0536,0.4844,5323.01,22852.66,2425.69,0.5485,1.9821,0.1546,0.1618,0.2434,0.0665,0.1356,0,0,0,Healthy,Stable / Low Growth
PHYSICSWALLAH LTD,2026,3899.54,-22.49,-21.040000000000475,-0.005,-0.0029,0.2327,1052.11,7676.8,833.24,0.2137,-37.0494,1.0694,0.3509,-0.8958,0.8418,-0.4254,0,0,0,Moderate Risk,Revenue Growth Only
PICCADILY AGRO INDUSTRIES LTD,2026,1037.9,137.53,9.910000000000156,0.1526,0.0839,0.5889,530.62,1639.19,118.08,0.1138,0.8586,0.2807,0.3023,0.3439,0.4324,0.7218,0,0,0,Healthy,Quality Growth
PIDILITE INDUSTRIES LTD,2026,14600.83,2448.92,3259.5700000000006,0.2261,0.159,0.0385,417.21,15398.86,2828.45,0.1937,1.155,0.7147,0.1111,0.1795,0.1012,-0.0813,0,0,0,Healthy,Stable / Low Growth
PILANI INVESTMENT & INDUSTRIES CORPORATION LTD,2026,283.13,31.06,90.87,0.002,0.0016,0.1507,2391.38,19580.93,1347.42,4.759,43.3812,0.0023,-0.0723,-0.6846,0.0136,0.2346,0,0,0,Healthy,Declining
PINE LABS LTD,2026,2710.59,112.51,141.02,0.0191,0.0085,0.0747,440.65,13296.96,395.39,0.1459,3.5143,18.6254,0.1919,-1.7733,0.2429,-0.5786,0,0,0,Healthy,Stable / Low Growth
PIRAMAL FINANCE LTD,2026,11903.09,1504.31,1383.0799999999988,0.0534,0.0136,2.8417,79989.21,110546.47,-15892.3,-1.3351,-10.5645,0.0696,0.1473,2.0988,0.1643,0.2198,0,0,0,Healthy,Stable / Low Growth
PIRAMAL PHARMA LTD,2026,8869.08,-325.94,-551.7400000000004,-0.0399,-0.0185,0.6952,5674.59,17606.86,1652.6,0.1863,-5.0703,0.2156,-0.0308,-4.5766,0.1411,0.1685,0,0,0,Moderate Risk,Declining
PITTI ENGINEERING LTD,2026,1912.8,117.81,80.45999999999991,0.1194,0.0551,0.8213,810.59,2137.78,204.91,0.1071,1.7393,0.1808,0.1222,-0.0366,0.0667,0.175,0,0,0,Healthy,Stable / Low Growth
PNB HOUSING FINANCE LTD,2026,8500.37,2327.88,3003.8000000000006,0.1211,0.0249,3.7033,71198.6,93533.46,-8972.56,-1.0555,-3.8544,0.0455,0.111,0.1944,0.1338,0.1427,0,0,0,Healthy,Stable / Low Growth
PNC INFRATECH LTD,2026,5368.1,831.77,1066.6299999999997,0.1221,0.06,0.7588,5169.85,13858.12,4592.97,0.8556,5.5219,0.4328,-0.2069,0.02,-0.2326,-0.4479,0,0,0,Healthy,Declining
POKARNA LTD,2026,571.33,80.61,127.02000000000004,0.0941,0.05,0.5346,458.12,1613.0,183.41,0.321,2.2753,0.1366,-0.3824,-0.5702,0.1497,0.2397,0,0,0,Healthy,Declining
POLY MEDICURE LTD,2026,1875.26,322.14,412.19000000000005,0.1037,0.0822,0.1138,353.58,3918.57,246.37,0.1314,0.7648,0.2478,0.1236,-0.0485,0.2276,0.9616,0,0,0,Healthy,Stable / Low Growth
POLYCAB INDIA LTD,2026,28883.79,2672.03,2092.750000000002,0.2225,0.1306,0.0196,235.52,20464.59,3810.67,0.1319,1.4261,3.7311,0.289,0.3228,0.4885,0.1635,0,0,0,Healthy,Quality Growth
POLYPLEX CORPORATION LTD,2026,7085.86,44.95,-30.99000000000132,0.0106,0.005,0.2206,935.31,8913.77,536.85,0.0758,11.9433,0.881,0.0291,-0.7851,0.1206,0.0604,0,0,0,Healthy,Stable / Low Growth
PONDY OXIDES & CHEMICALS LTD,2026,2938.65,138.73,146.05000000000018,0.1734,0.1396,0.1902,152.1,993.75,-53.92,-0.0183,-0.3887,0.0805,0.4488,1.1323,0.3589,0.4747,0,0,0,Healthy,Quality Growth
POONAWALLA FINCORP LTD,2026,6790.18,541.81,723.6100000000001,0.0524,0.009,4.6806,48435.8,60271.56,-21785.59,-3.2084,-40.2089,0.0061,0.6207,-6.5096,0.7206,0.8571,0,0,0,Healthy,Revenue Growth Only
POWER FINANCE CORPORATION LTD,2026,115443.61,25900.95,42849.67999999999,0.1949,0.0208,7.6208,1012503.46,1244578.55,-4504.5,-0.039,-0.1739,0.0046,0.0778,0.1266,0.0564,0.0419,0,0,0,Moderate Risk,Stable / Low Growth
POWER GRID CORPORATION OF INDIA LTD,2026,46732.87,15927.95,14546.640000000005,0.1585,0.0541,1.4734,148070.6,294673.7,40935.36,0.8759,2.57,0.0602,0.0205,0.0262,0.1077,0.13,0,0,0,Healthy,Stable / Low Growth
POWER MECH PROJECTS LTD,2026,6061.57,363.98,557.4399999999993,0.1445,0.0651,0.2635,663.63,5589.36,429.8,0.0709,1.1808,0.7416,0.1581,0.1149,0.2113,-0.0971,0,0,0,Healthy,Stable / Low Growth
POWERGRID INFRASTRUCTURE INVESTMENT TRUST,2026,1258.03,911.87,940.11,0.1209,0.0911,0.141,1063.55,10007.52,1175.56,0.9344,1.2892,0.6141,-0.0067,-0.2244,-0.0176,-0.0077,0,0,0,Healthy,Declining
POWERICA LTD,2026,3011.52,267.27,260.2300000000001,0.1342,0.068,0.2873,572.07,3931.2,452.88,0.1504,1.6945,1.677,0.135,0.6021,0.6279,0.8343,0,0,0,Healthy,Stable / Low Growth
PRAJ INDUSTRIES LTD,2026,3167.88,23.84,59.11999999999969,0.0182,0.0078,0.1322,173.04,3055.89,200.09,0.0632,8.393,1.1707,-0.0186,-0.8911,-0.0321,-0.1121,0,0,0,Healthy,Declining
PRATAAP SNACKS LTD,2026,1724.66,9.72,18.710000000000107,0.0139,0.0105,0.0645,45.16,927.47,50.47,0.0293,5.1924,0.9274,0.0099,-1.2836,-0.0298,-0.4091,0,0,0,Healthy,Stable / Low Growth
PRECISION WIRES INDIA LTD,2026,5410.18,155.27,-54.43000000000029,0.201,0.069,0.3799,293.45,2249.21,272.96,0.0505,1.758,0.3917,0.3475,0.7245,0.7937,3.7708,0,0,0,Healthy,Quality Growth
PREMIER ENERGIES LTD,2026,7824.37,1509.77,1342.2899999999995,0.3505,0.1392,0.8606,3707.15,10844.86,1261.06,0.1612,0.8353,0.5635,0.2003,0.6111,0.5853,0.8977,0,0,0,Healthy,Quality Growth
PREMIER EXPLOSIVES LTD,2026,388.34,45.81,121.65000000000003,0.1585,0.0948,0.1118,32.33,483.15,-1.27,-0.0033,-0.0277,1.8023,-0.0697,0.5962,-0.0855,-0.2047,0,0,0,Healthy,Declining
PRESTIGE ESTATES PROJECTS LTD,2026,12685.4,1195.5,-12924.800000000005,0.0735,0.0164,1.0852,17659.4,72804.7,3223.2,0.2541,2.6961,0.1348,0.726,1.5572,0.2501,0.3399,0,0,0,Healthy,Revenue Growth Only
PRICOL LTD,2026,4040.8,250.8,244.05999999999975,0.1999,0.1013,0.3021,379.16,2475.04,281.26,0.0696,1.1215,0.3128,0.5011,0.5015,0.2698,0.3597,0,0,0,Healthy,Quality Growth
PRIME FOCUS LTD,2026,4675.81,218.76,334.2800000000009,0.1047,0.0205,2.7372,5716.73,10649.43,1024.07,0.219,4.6812,0.1204,0.2992,-1.5801,0.2565,0.1717,0,0,0,Healthy,Revenue Growth Only
PRINCE PIPES & FITTINGS LTD,2026,2598.33,73.18,146.68000000000015,0.0445,0.0302,0.0884,145.35,2423.85,526.46,0.2026,7.194,0.8817,0.0295,0.6963,0.045,-0.4749,0,0,0,Healthy,Stable / Low Growth
PRISM JOHNSON LTD,2026,7380.62,72.9,297.9199999999996,0.0477,0.0099,1.0976,1677.4,7332.01,502.89,0.0681,6.8984,0.3262,0.0836,-0.088,0.0032,-0.1519,0,0,0,Healthy,Stable / Low Growth
PRIVI SPECIALITY CHEMICALS LTD,2026,2563.69,327.54,359.4800000000004,0.2319,0.1033,0.7231,1021.26,3169.83,550.09,0.2146,1.6795,0.068,0.2201,0.7516,0.1359,-0.1064,0,0,0,Healthy,Quality Growth
PROCTER & GAMBLE HYGIENE AND HEALTH CARE LTD,2026,4290.42,856.5,1172.7900000000002,1.1367,0.4749,0.0012,0.87,1803.54,924.08,0.2154,1.0789,303.7112,0.2715,0.3454,0.0278,-0.625,0,0,0,Healthy,Quality Growth
PRUDENT CORPORATE ADVISORY SERVICES LTD,2026,1340.56,222.05,297.93000000000006,0.2516,0.1815,0.0387,34.13,1223.42,216.54,0.1615,0.9752,2.9063,0.1829,0.1349,0.2965,0.1179,0,0,0,Healthy,Stable / Low Growth
PSP PROJECTS LTD,2026,3148.66,55.52,114.08000000000004,0.0439,0.018,0.2613,330.28,3088.87,322.82,0.1025,5.8145,1.2542,0.2534,-0.016,0.3127,0.2164,0,0,0,Healthy,Revenue Growth Only
PTC INDIA LTD,2026,16770.79,605.63,925.6400000000012,0.1013,0.0479,0.2958,1768.82,12630.71,2817.0,0.168,4.6514,2.2153,0.0326,-0.3273,-0.0221,-0.4029,0,0,0,Healthy,Stable / Low Growth
PTC INDUSTRIES LTD,2026,602.78,101.56,-346.37,0.0674,0.0519,0.1734,261.35,1956.25,-68.66,-0.1139,-0.6761,0.5206,0.9566,0.6644,0.2351,3.2964,0,0,0,Healthy,Revenue Growth Only
PUNJAB & SIND BANK,2026,11981.5,1321.93,1752.3400000000008,0.0935,0.0074,11.4758,162181.34,179270.31,-1893.11,-0.158,-1.4321,0.0367,0.0436,0.3013,0.1079,0.1262,0,0,0,Moderate Risk,Stable / Low Growth
PUNJAB NATIONAL BANK,2026,130772.09,18392.69,28452.60000000001,0.1226,0.009,12.218,1832353.82,2033330.95,25635.41,0.196,1.3938,0.0313,0.0545,-0.0047,0.0946,0.0889,0,0,0,Moderate Risk,Stable / Low Growth
PURAVANKARA LTD,2026,3739.83,63.71,-2922.07,0.0356,0.0037,3.1297,5594.56,17257.63,344.52,0.0921,5.4076,0.2653,0.8573,-1.3542,0.2126,0.2916,0,0,0,Healthy,Revenue Growth Only
QUALITY POWER ELECTRICAL EQUIPMENTS LTD,2026,947.27,121.34,245.61000000000013,0.2239,0.1091,0.0741,40.18,1111.96,80.28,0.0847,0.6616,6.0211,1.8138,0.8338,0.3726,3.5146,0,0,0,Healthy,Quality Growth
QUESS CORP LTD,2026,15305.19,221.62,229.80000000000123,0.19,0.0729,0.1067,124.48,3039.12,230.06,0.015,1.0381,1.6486,0.0226,3.8389,0.0808,0.1028,0,0,0,Healthy,Stable / Low Growth
R R KABEL LTD,2026,9722.36,492.22,-839.6599999999992,0.1912,0.1065,0.1309,337.03,4621.38,295.29,0.0304,0.5999,0.2684,0.2762,0.5796,0.314,0.1617,0,0,0,Healthy,Quality Growth
RADICO KHAITAN LTD,2026,6037.07,604.48,725.3599999999992,0.1823,0.121,0.1503,498.45,4995.07,742.64,0.123,1.2286,0.1769,0.2466,0.749,0.0702,-0.3358,0,0,0,Healthy,Quality Growth
RAGHAV PRODUCTIVITY ENHANCERS LTD,2026,257.07,54.8,68.33000000000003,0.2241,0.193,0.0221,5.41,283.91,37.0,0.1439,0.6752,1.2605,0.2876,0.4823,0.2271,-0.2359,0,0,0,Healthy,Quality Growth
RAIL VIKAS NIGAM LTD,2026,20412.12,874.69,1181.2400000000011,0.0891,0.0403,0.4906,4818.49,21701.98,-1889.37,-0.0926,-2.16,0.2009,0.0245,-0.3154,0.0598,-0.1109,0,0,0,Healthy,Stable / Low Growth
RAILTEL CORPORATION OF INDIA LTD,2026,4277.48,346.32,469.57999999999936,0.1531,0.0594,0.0282,63.72,5830.0,316.45,0.074,0.9138,10.1068,0.23,0.1551,0.1296,0.4306,0,0,0,Healthy,Quality Growth
RAINBOW CHILDRENS MEDICARE LTD,2026,1703.08,278.32,358.23,0.1689,0.1003,0.5406,890.98,2774.84,419.66,0.2464,1.5078,0.038,0.1235,0.1434,0.1674,0.1668,0,0,0,Healthy,Stable / Low Growth
RALLIS INDIA LTD,2026,2896.65,183.88,0.8800000000000914,0.09,0.055,0.0299,61.1,3345.05,172.11,0.0594,0.936,0.7316,0.0878,0.4695,0.1246,-0.0317,0,0,0,Healthy,Stable / Low Growth
RAM RATNA WIRES LTD,2026,5176.65,107.05,-263.2900000000012,0.1847,0.0537,1.1652,675.23,1993.51,-92.99,-0.018,-0.8687,0.0205,0.4079,0.526,0.5331,1.2144,0,0,0,Healthy,Quality Growth
RAMCO INDUSTRIES LTD,2026,1792.22,306.26,255.89999999999995,0.0677,0.0615,0.0379,171.47,4977.01,200.97,0.1121,0.6562,0.8769,0.0706,0.6929,0.0406,-0.3355,0,0,0,Healthy,Stable / Low Growth
RAMKRISHNA FORGINGS LTD,2026,4238.08,71.81,297.0400000000003,0.0218,0.01,0.7442,2448.77,7177.95,839.76,0.1981,11.6942,0.0665,0.0506,-0.827,0.0995,0.1515,0,0,0,Healthy,Stable / Low Growth
RASHI PERIPHERALS LTD,2026,15827.34,277.58,-737.0900000000031,0.1371,0.0521,0.4892,990.63,5327.15,113.69,0.0072,0.4096,0.0819,0.1492,0.3341,0.25,0.0891,0,0,0,Healthy,Stable / Low Growth
RASHTRIYA CHEMICALS & FERTILIZERS LTD,2026,18480.17,427.45,1145.819999999998,0.0835,0.0256,0.8061,4128.07,16700.88,-471.22,-0.0255,-1.1024,0.037,0.0913,0.763,0.4806,0.4945,0,0,0,Healthy,Stable / Low Growth
RATNAMANI METALS & TUBES LTD,2026,4493.96,482.55,799.3000000000006,0.1174,0.0896,0.0773,317.62,5384.91,936.01,0.2083,1.9397,0.2319,-0.1335,-0.1129,0.0983,1.0179,0,0,0,Healthy,Declining
RATTANINDIA ENTERPRISES LTD,2026,7530.51,-165.42,-510.8499999999999,-0.2153,-0.0597,1.4325,1100.86,2770.89,-55.52,-0.0074,0.3356,0.1507,0.0967,-2.959,0.0536,0.1921,0,0,0,Moderate Risk,Stable / Low Growth
RATTANINDIA POWER LTD,2026,2991.36,52.44,52.44000000000023,0.0113,0.0055,0.8001,3710.71,9612.93,372.18,0.1244,7.0973,0.0203,-0.0891,-0.7637,-0.0187,0.0265,0,0,0,Healthy,Declining
RAVINDRA ENERGY LTD,2026,543.2,80.83,86.1800000000001,0.1913,0.0715,1.1887,502.25,1130.5,171.85,0.3164,2.1261,0.1819,1.1692,2.7318,0.7362,1.2406,0,0,0,Healthy,Quality Growth
RAYMOND LIFESTYLE LTD,2026,6888.0,46.17,-94.70000000000066,0.0048,0.0033,0.2268,2185.53,13983.77,546.23,0.0793,11.8308,0.15,0.1152,0.209,0.012,-0.0459,0,0,0,Healthy,Stable / Low Growth
RAYMOND LTD,2026,2212.1,5341.27,5130.799999999999,1.8781,1.1283,0.3709,1054.89,4733.77,41.77,0.0189,0.0078,0.1728,0.1363,-0.3001,-0.3865,0.4249,0,0,0,Healthy,Stable / Low Growth
RAYMOND REALTY LTD,2026,2990.79,304.59,-5070.94,0.1943,0.0431,0.6468,1013.75,7062.38,-909.96,-0.3043,-2.9875,0.3495,4.2917,16.1407,4.413,1.1701,0,0,0,Healthy,Revenue Growth Only
RBL BANK LTD,2026,14335.55,822.44,1039.539999999999,0.0501,0.0046,9.4836,155812.07,180684.81,7577.01,0.5285,9.2128,0.0899,0.0211,0.1827,0.2314,0.2497,0,0,0,Moderate Risk,Stable / Low Growth
REC LTD,2026,59586.02,16308.17,20766.329999999994,0.193,0.0255,6.0983,515283.59,640158.0,5971.57,0.1002,0.3662,0.0031,0.0571,0.0267,0.0418,0.0372,0,0,0,Moderate Risk,Stable / Low Growth
REDINGTON LTD,2026,119162.36,1490.22,-1299.1900000000117,0.1467,0.044,0.2797,2841.62,33837.06,231.35,0.0019,0.1552,0.3945,0.1996,-0.0714,0.2272,0.0118,0,0,0,Healthy,Stable / Low Growth
REDTAPE LTD,2026,2418.77,240.55,448.2299999999996,0.2355,0.1043,0.7049,719.96,2305.58,174.01,0.0719,0.7234,0.0135,0.1969,0.415,0.0366,-0.0052,0,0,0,Healthy,Stable / Low Growth
REFEX INDUSTRIES LTD,2026,2276.74,203.35,139.6299999999998,0.1352,0.0715,0.1496,225.04,2842.58,107.14,0.0471,0.5269,1.7402,0.0077,0.2807,0.5799,-0.2133,0,0,0,Healthy,Stable / Low Growth
RELIANCE INDUSTRIES LTD,2026,1055780.0,80775.0,102628.0,0.0893,0.0371,0.4457,402962.0,2177546.0,192113.0,0.182,2.3784,0.3623,0.0965,0.1598,0.1169,0.0765,0,0,0,Healthy,Stable / Low Growth
RELIANCE INFRASTRUCTURE LTD,2026,21151.38,2900.23,4296.23,0.1623,0.0408,0.2762,4936.72,71159.98,2550.22,0.1206,0.8793,0.4463,-0.1346,-0.4126,0.0808,-0.2239,0,0,0,Healthy,Declining
RELIGARE ENTERPRISES LTD,2026,8459.36,85.96,87.27000000000086,0.0296,0.0059,0.1696,493.23,14505.55,1819.96,0.2151,21.1722,3.4451,0.1455,-0.3134,0.2918,1.113,0,0,0,Healthy,Stable / Low Growth
RESPONSIVE INDUSTRIES LTD,2026,1394.12,148.43,139.2299999999996,0.0952,0.0801,0.1251,195.0,1853.45,39.62,0.0284,0.2669,0.0511,-0.0168,-0.2536,0.0665,-0.239,0,0,0,Healthy,Declining
RESTAURANT BRANDS ASIA LTD,2026,2822.64,-187.08,-204.1300000000009,-0.2594,-0.0553,2.7277,1967.0,3382.32,302.66,0.1072,-1.6178,0.0299,0.1066,-0.1347,-0.0232,0.0738,0,0,0,Moderate Risk,Stable / Low Growth
RHI MAGNESITA INDIA LTD,2026,4019.95,-382.94,-394.85000000000025,-0.1076,-0.0788,0.126,448.44,4860.72,409.1,0.1018,-1.0683,0.3554,0.094,-2.891,-0.057,0.1809,0,0,0,Moderate Risk,Stable / Low Growth
ROLEX RINGS LTD,2026,1143.5,141.1,215.26,0.1163,0.1029,0.0,0.0,1371.15,189.59,0.1658,1.3437,79.16,-0.0098,-0.1891,0.0694,-1.0,0,0,0,Healthy,Declining
ROSSELL TECHSYS LTD,2026,485.12,21.89,12.86000000000001,0.1414,0.0347,2.6437,409.41,630.96,-82.8,-0.1707,-3.7825,0.1157,0.8682,1.7674,0.492,0.7035,0,0,0,Healthy,Revenue Growth Only
ROUTE MOBILE LTD,2026,4408.21,239.02,353.03999999999974,0.0863,0.0672,0.0152,41.98,3556.23,581.16,0.1318,2.4314,32.3097,-0.0366,-0.2504,-0.0671,-0.9103,0,0,0,Healthy,Declining
RPG LIFE SCIENCES LTD,2026,707.52,115.17,110.21999999999996,0.1902,0.1452,0.033,20.0,793.14,56.5,0.0799,0.4906,7.4657,0.0828,-0.3715,0.2057,0.0,0,0,0,Healthy,Stable / Low Growth
RPSG VENTURES LTD,2026,11323.1,-137.98,354.6099999999999,-0.0551,-0.0074,3.2896,8243.07,18717.89,1233.4,0.1089,-8.939,0.1112,0.1785,1.8136,0.1737,0.3399,0,0,0,Moderate Risk,Stable / Low Growth
RUBICON RESEARCH LTD,2026,1753.96,246.74,19.799999999999937,0.1914,0.106,0.2413,311.01,2326.72,205.05,0.1169,0.831,1.109,0.3657,0.8364,0.6031,-0.2553,0,0,0,Healthy,Quality Growth
S J S ENTERPRISES LTD,2026,955.07,170.7,226.49,0.1967,0.155,0.0268,23.25,1101.11,223.88,0.2344,1.3115,1.1336,0.2559,0.4489,0.2693,-0.3745,0,0,0,Healthy,Quality Growth
SAATVIK GREEN ENERGY LTD,2026,4548.44,357.3,138.76999999999987,0.2625,0.1147,0.6902,939.43,3114.59,-26.72,-0.0059,-0.0748,0.0869,1.1073,0.6687,0.9041,0.8689,0,0,0,Healthy,Quality Growth
SAFARI INDUSTRIES (INDIA) LTD,2026,2047.02,167.76,279.6200000000003,0.1505,0.1163,0.1046,116.55,1442.28,173.36,0.0847,1.0334,2.2969,0.1555,0.1748,0.0957,-0.0662,0,0,0,Healthy,Stable / Low Growth
SAGILITY LTD,2026,7192.85,924.77,1238.9000000000008,0.0957,0.0743,0.115,1110.54,12449.68,1202.97,0.1672,1.3008,0.5109,0.2914,0.7153,0.1404,-0.2079,0,0,0,Healthy,Revenue Growth Only
SAI LIFE SCIENCES LTD,2026,2192.49,348.91,451.74999999999966,0.1405,0.0962,0.1161,288.45,3626.14,509.13,0.2322,1.4592,0.383,0.2938,1.0508,0.1527,-0.1814,0,0,0,Healthy,Quality Growth
SAMBHV STEEL TUBES LTD,2026,2413.24,143.27,126.15999999999944,0.1357,0.0692,0.3583,378.14,2071.52,215.82,0.0894,1.5064,0.2213,0.5967,1.4685,0.4441,-0.294,0,0,0,Healthy,Quality Growth
SAMHI HOTELS LTD,2026,1247.8,502.99,267.04999999999995,0.2305,0.1129,0.8498,1854.34,4454.3,406.98,0.3262,0.8091,0.1045,0.1042,4.8829,0.2227,-0.1745,0,0,0,Healthy,Stable / Low Growth
SAMMAAN CAPITAL LTD,2026,8166.16,-7144.56,-8784.42,-0.3762,-0.0962,2.7303,51853.07,74243.42,-7465.88,-0.9142,1.045,0.2114,-0.0587,2.9528,0.0579,0.2136,0,0,0,Moderate Risk,Declining
SAMVARDHANA MOTHERSON INTERNATIONAL LTD,2026,126103.7,3859.7,4887.5000000000055,0.0942,0.0353,0.4678,19169.7,109425.7,11284.0,0.0895,2.9235,0.4295,0.1095,0.0149,0.1911,0.1131,0,0,0,Healthy,Stable / Low Growth
SANATHAN TEXTILES LTD,2026,3811.18,77.35,-52.70000000000029,0.0413,0.0165,0.8077,1512.08,4691.06,322.41,0.0846,4.1682,0.1117,0.271,-0.5179,0.3296,0.3947,0,0,0,Healthy,Revenue Growth Only
SANDHAR TECHNOLOGIES LIMITED,2026,4852.09,198.66,173.28999999999974,0.149,0.0572,0.8608,1147.61,3475.68,209.91,0.0433,1.0566,0.0445,0.2491,0.4026,0.2456,0.2423,0,0,0,Healthy,Quality Growth
SANDUR MANGANESE & IRON ORES LTD,2026,5088.42,656.64,1003.31,0.2018,0.1189,0.3071,999.36,5523.4,1142.72,0.2246,1.7403,0.0879,0.6231,0.3966,-0.0221,-0.4712,0,0,0,Healthy,Quality Growth
SANGAM (INDIA) LTD,2026,3189.5,85.7,246.6300000000001,0.0796,0.0264,1.1358,1222.32,3252.31,248.64,0.078,2.9013,0.0535,0.1219,2.1198,0.1363,0.1457,0,0,0,Healthy,Stable / Low Growth
SANGHVI MOVERS LTD,2026,1070.45,184.29,252.88,0.1406,0.0786,0.514,673.55,2343.29,278.01,0.2597,1.5085,0.1905,0.3687,0.1774,0.3274,0.5377,0,0,0,Healthy,Quality Growth
SANSERA ENGINEERING LTD,2026,3098.17,298.17,299.0199999999998,0.0974,0.0721,0.121,370.48,4136.25,320.47,0.1034,1.0748,1.0378,0.1396,0.4477,0.1917,0.5595,0,0,0,Healthy,Stable / Low Growth
SAPPHIRE FOODS INDIA LTD,2026,3125.32,-31.96,-37.25999999999969,-0.023,-0.0098,1.0191,1417.13,3254.57,507.03,0.1622,-15.8645,0.048,0.0845,-2.6603,0.0706,0.0967,0,0,0,Moderate Risk,Stable / Low Growth
SARDA ENERGY & MINERALS LTD,2026,5690.45,1105.86,1425.8899999999994,0.15,0.0973,0.3571,2631.92,11370.7,1734.84,0.3049,1.5688,0.3283,0.2256,0.5802,0.1231,-0.0801,0,0,0,Healthy,Quality Growth
SASKEN TECHNOLOGIES LTD,2026,1113.17,53.93,71.16999999999997,0.0631,0.0462,0.0329,28.11,1166.09,-22.83,-0.0205,-0.4233,3.3253,1.0206,0.0726,0.2168,0.0989,0,0,0,Healthy,Revenue Growth Only
SAVITA OIL TECHNOLOGIES LTD,2026,4362.58,193.85,196.81000000000057,0.1053,0.0708,0.001,1.78,2738.53,138.25,0.0317,0.7132,48.4856,0.1442,0.5662,0.1545,58.3333,0,0,0,Healthy,Stable / Low Growth
SBI CARDS & PAYMENT SERVICES LTD,2026,19901.4,2166.71,2913.1900000000014,0.1378,0.0327,2.8021,44063.73,66327.79,493.03,0.0248,0.2275,0.0526,0.1011,0.1306,0.0119,-0.0196,0,0,0,Healthy,Stable / Low Growth
SBI FUNDS MANAGEMENT LTD,2026,4965.7,3067.38,4019.81,0.5144,0.4778,0.0,0.0,6420.44,2487.6,0.501,0.811,108.4,0.1727,0.2076,-0.2681,0.0,0,0,0,Healthy,Stable / Low Growth
SBI LIFE INSURANCE COMPANY LTD,2026,112315.47,2470.3,2696.849999999995,0.1294,0.0049,0.0,0.0,500045.94,34522.67,0.3074,13.9751,3207.94,-0.0391,0.0236,0.094,0.0,0,0,0,Healthy,Declining
SCHNEIDER ELECTRIC INFRASTRUCTURE LTD,2026,2890.63,212.56,250.61999999999995,0.2745,0.0907,0.7079,548.25,2343.83,224.5,0.0777,1.0562,0.6515,0.0963,-0.2065,0.2128,-0.0954,0,0,0,Healthy,Stable / Low Growth
SEAMEC LTD,2026,952.46,251.39,269.26000000000016,0.1932,0.1351,0.2712,352.92,1860.76,321.3,0.3373,1.2781,0.532,0.4612,1.8051,0.3492,0.5307,0,0,0,Healthy,Quality Growth
SEDEMAC MECHATRONICS LTD,2026,1058.38,103.58,117.59000000000016,0.2306,0.1273,0.1613,72.44,813.7,128.02,0.121,1.236,0.8768,0.6076,1.2015,0.6567,0.1255,0,0,0,Healthy,Quality Growth
SENCO GOLD LTD,2026,8430.03,574.32,-3037.5199999999995,0.2285,0.0813,1.0738,2699.12,7061.51,-789.27,-0.0936,-1.3743,0.1913,0.3322,2.605,0.4878,0.3106,0,0,0,Healthy,Quality Growth
SENORES PHARMACEUTICALS LTD,2026,632.63,115.36,159.24000000000007,0.1236,0.0719,0.3664,342.03,1603.81,62.05,0.0981,0.5379,0.4653,0.5885,0.9699,0.3072,0.0867,0,0,0,Healthy,Quality Growth
SESHAASAI TECHNOLOGIES LTD,2026,1440.56,243.74,278.5399999999997,0.1705,0.146,0.0577,82.45,1669.98,225.19,0.1563,0.9239,4.9184,-0.0148,0.0969,0.4392,-0.7823,0,0,0,Healthy,Declining
SG FINSERVE LTD,2026,333.66,127.66,171.55,0.0874,0.0306,1.8519,2704.16,4173.4,-1571.48,-4.7098,-12.3099,0.0755,0.9597,0.5762,0.7336,0.949,0,0,0,Healthy,Revenue Growth Only
SG MART LTD,2026,6315.28,111.06,137.7000000000001,0.0696,0.0494,0.1678,267.92,2249.62,258.11,0.0409,2.3241,3.6596,0.0784,0.0738,-0.0213,-0.6289,0,0,0,Healthy,Stable / Low Growth
SHADOWFAX TECHNOLOGIES LTD,2026,4080.35,115.18,115.18000000000016,0.0659,0.0413,0.1338,233.96,2788.41,342.36,0.0839,2.9724,2.8647,0.6538,17.5177,1.3063,-0.3889,0,0,0,Healthy,Revenue Growth Only
SHAILY ENGINEERING PLASTICS LTD,2026,921.2,161.32,192.33000000000004,0.2484,0.1506,0.2698,175.2,1071.11,216.35,0.2349,1.3411,0.0418,0.248,1.275,0.2302,-0.0692,0,0,0,Healthy,Quality Growth
SHAKTI PUMPS (INDIA) LTD,2026,2697.61,257.58,178.09000000000017,0.151,0.0846,0.2963,505.28,3045.86,124.05,0.046,0.4816,1.3511,0.0721,-0.3692,0.5437,1.9773,0,0,0,Healthy,Stable / Low Growth
SHANKARA BUILDPRO LTD,2026,6825.71,127.74,-23.619999999999852,0.2341,0.0796,0.1114,60.81,1605.2,89.53,0.0131,0.7009,1.0409,0.2958,0.6343,0.2803,0.0691,0,0,0,Healthy,Quality Growth
SHANTHI GEARS LTD,2026,518.72,76.66,81.78000000000006,0.1742,0.138,0.0,0.0,555.59,70.1,0.1351,0.9144,75.21,-0.1421,-0.2017,0.1017,0.0,0,0,0,Healthy,Declining
SHANTI EDUCATIONAL INITIATIVES LTD,2026,55.58,5.89,4.660000000000002,0.0769,0.0583,0.0775,5.94,101.05,-0.19,-0.0034,-0.0323,0.2493,-0.0578,-0.1657,0.1059,-0.2538,0,0,0,Healthy,Declining
SHARDA CROPCHEM LTD,2026,5267.59,680.86,660.0300000000007,0.2171,0.1183,0.0,0.0,5756.72,655.69,0.1245,0.963,219.89,0.2194,1.2369,0.2214,-1.0,0,0,0,Healthy,Quality Growth
SHARDA MOTOR INDUSTRIES LTD,2026,3396.77,345.41,438.0700000000004,0.2631,0.1559,0.0374,49.16,2215.12,362.9,0.1068,1.0506,1.8909,0.1975,0.0968,0.2608,-0.0478,0,0,0,Healthy,Stable / Low Growth
SHARE INDIA SECURITIES LTD,2026,1470.26,323.47,440.4699999999999,0.1228,0.0705,0.2637,694.88,4589.86,-182.4,-0.1241,-0.5639,4.4976,0.0148,-0.0127,0.2141,0.3535,0,0,0,Healthy,Stable / Low Growth
SHEELA FOAM LTD,2026,3820.84,159.61,158.56000000000068,0.0491,0.0312,0.2792,907.98,5108.78,409.32,0.1071,2.5645,0.04,0.111,0.7863,-0.0469,-0.3791,0,0,0,Healthy,Stable / Low Growth
SHILCHAR TECHNOLOGIES LTD,2026,651.94,158.16,213.69000000000003,0.3222,0.2678,0.0,0.0,590.51,192.02,0.2945,1.2141,43.98,0.0462,0.077,0.2053,0.0,0,0,0,Healthy,Stable / Low Growth
SHILPA MEDICARE LTD,2026,1538.87,243.33,222.87,0.0939,0.0657,0.2547,659.86,3705.61,342.18,0.2224,1.4062,0.0684,0.2016,2.1081,0.1193,0.1227,0,0,0,Healthy,Revenue Growth Only
SHIPPING CORPORATION OF INDIA LTD,2026,5779.79,1352.92,1422.8100000000004,0.1487,0.1016,0.2945,2679.25,13318.5,1343.21,0.2324,0.9928,0.1302,0.031,0.6038,0.1383,0.2023,0,0,0,Healthy,Stable / Low Growth
SHIPROCKET LTD,2026,2024.14,-79.25,-81.04999999999998,0.0,0.0,0.0,0.0,0.0,52.64,0.026,-0.6642,0.0,0.2403,0.0645,-1.0,-1.0,0,0,0,Moderate Risk,Revenue Growth Only
SHIVALIK BIMETAL CONTROLS LTD,2026,570.86,95.86,102.8000000000001,0.1991,0.1507,0.1258,60.54,635.98,54.89,0.0962,0.5726,1.7013,0.123,0.244,0.2521,0.4431,0,0,0,Healthy,Stable / Low Growth
SHOPPERS STOP LTD,2026,5043.32,-36.09,-169.70000000000127,-0.124,-0.0057,11.3971,3316.68,6290.66,837.68,0.1661,-23.2109,0.0038,0.0898,-4.314,0.0322,0.0008,0,0,0,High Risk,Stable / Low Growth
SHREE CEMENT LTD,2026,20943.47,1743.56,2217.510000000004,0.0749,0.0554,0.0803,1868.14,31447.71,3794.07,0.1812,2.176,0.1829,0.0861,0.5529,0.1048,0.7858,0,0,0,Healthy,Stable / Low Growth
SHREE RENUKA SUGARS LTD,2026,9168.9,-792.1,-439.3000000000008,0.2959,-0.1069,-2.6803,7174.4,7412.4,-121.8,-0.0133,0.1538,0.0084,-0.1594,1.6424,-0.1608,0.2183,0,0,0,Moderate Risk,Declining
SHREM INVIT,2026,2099.77,852.58,782.43,0.1426,0.0579,1.2702,7594.99,14721.74,2221.09,1.0578,2.6051,0.0457,-0.1457,-0.2316,-0.077,-0.0973,0,0,0,Healthy,Declining
SHRIRAM FINANCE LTD,2026,48134.57,10024.16,13299.64,0.1521,0.0312,3.8031,250691.96,321374.52,-13281.43,-0.2759,-1.3249,0.0317,0.0954,0.0492,0.0931,0.0704,0,0,0,Healthy,Stable / Low Growth
SHYAM METALICS & ENERGY LTD,2026,18552.21,1070.24,514.869999999996,0.0929,0.0533,0.0872,1005.07,20065.57,2023.56,0.1091,1.8908,0.105,0.2239,0.1785,0.2295,0.2732,0,0,0,Healthy,Revenue Growth Only
SIEMENS LTD,2026,24845.6,2751.6,2822.699999999996,0.1988,0.1297,0.0222,306.6,21213.1,-535.4,-0.0215,-0.1946,18.2438,0.6404,0.0129,-0.1572,0.0974,0,0,0,Healthy,Quality Growth
SIGMA ADVANCED SYSTEM LTD,2026,491.88,268.04,245.36999999999995,0.5722,0.2531,0.7081,331.67,1059.13,-224.69,-0.4568,-0.8383,0.0734,0.0,-9.9526,1.9065,1.3909,0,0,0,Healthy,Declining
SINDHU TRADE LINKS LTD,2026,524.08,57.44,65.49999999999997,0.0328,0.0199,0.2642,463.06,2883.68,43.3,0.0826,0.7538,0.097,-0.6973,1.2385,0.0551,0.2461,0,0,0,Healthy,Declining
SIS LTD,2026,15981.53,137.81,97.5400000000008,0.0541,0.0182,0.703,1789.3,7580.73,769.85,0.0482,5.5863,0.5811,0.2117,10.6887,0.2465,0.0874,0,0,0,Healthy,Revenue Growth Only
SJVN LTD,2026,4528.29,642.08,1147.3700000000003,0.0451,0.0124,2.2669,32278.49,51765.53,1859.63,0.4107,2.8963,0.0781,0.474,-0.2167,0.1238,0.1944,0,0,0,Healthy,Revenue Growth Only
SKF INDIA (INDUSTRIAL) LTD,2026,3440.36,217.67,118.3899999999999,0.1474,0.0814,0.0031,4.57,2674.5,163.83,0.0476,0.7527,102.1849,3.7742,0.7943,0.3968,1.2624,0,0,0,Healthy,Quality Growth
SKF INDIA LTD,2026,2129.59,266.01,447.03,0.2001,0.1279,0.0022,2.91,2079.07,362.63,0.1703,1.3632,76.7008,0.154,-0.5299,-0.4166,-0.5795,0,0,0,Healthy,Stable / Low Growth
SKIPPER LTD,2026,5552.82,207.33,253.4500000000006,0.1405,0.0459,0.6424,947.78,4517.53,277.38,0.05,1.3379,0.0337,0.2007,0.4217,0.3337,0.3334,0,0,0,Healthy,Revenue Growth Only
SMARTWORKS COWORKING SPACES LTD,2026,1795.81,10.53,13.85,0.0198,0.0016,9.0044,4778.35,6463.62,1197.16,0.6666,113.6904,0.0493,0.3069,-1.1667,0.3898,0.2785,0,0,0,Moderate Risk,Revenue Growth Only
SML MAHINDRA LTD,2026,2837.92,159.75,69.55000000000025,0.3076,0.1144,0.5567,289.11,1396.78,156.19,0.055,0.9777,0.0714,0.183,0.313,0.0749,-0.116,0,0,0,Healthy,Stable / Low Growth
SMS PHARMACEUTICALS LTD,2026,886.87,101.99,70.4599999999999,0.1298,0.0749,0.4646,365.05,1362.44,59.22,0.0668,0.5806,0.1259,0.133,0.4751,0.182,0.1747,0,0,0,Healthy,Stable / Low Growth
SOBHA LTD,2026,5190.5,193.41,-2886.9,0.041,0.0099,0.224,1057.39,19498.76,429.87,0.0828,2.2226,1.4206,0.2852,1.0426,0.1333,-0.1065,0,0,0,Healthy,Revenue Growth Only
SOLAR INDUSTRIES INDIA LTD,2026,9837.74,1677.55,2009.26,0.2672,0.1563,0.2428,1524.02,10732.71,620.87,0.0631,0.3701,0.383,0.3047,0.387,0.3181,0.5632,0,0,0,Healthy,Quality Growth
SONA BLW PRECISION FORGINGS LTD,2026,4123.67,646.42,794.8100000000002,0.1107,0.0927,0.0622,363.41,6976.44,614.59,0.149,0.9508,0.6058,0.2781,0.1151,0.1336,1.4286,0,0,0,Healthy,Quality Growth
SONATA SOFTWARE LTD,2026,10701.24,464.39,648.1199999999988,0.2438,0.0932,0.3796,723.03,4981.9,538.02,0.0503,1.1586,0.582,0.0536,0.0935,0.0669,0.4012,0,0,0,Healthy,Stable / Low Growth
SPECTRUM ELECTRICAL INDUSTRIES LTD,2026,525.94,44.42,15.2500000000001,0.1818,0.0665,1.02,249.28,667.78,94.47,0.1796,2.1267,0.1328,0.3075,0.7345,0.5006,0.3182,0,0,0,Healthy,Quality Growth
SPR AUTO TECHNOLOGIES LTD,2026,4458.73,552.5,709.41,0.1904,0.09,0.6785,1968.47,6142.16,625.05,0.1402,1.1313,0.5259,0.256,0.0904,0.65,2.8766,0,0,0,Healthy,Quality Growth
SRF LTD,2026,15786.51,1835.18,1649.399999999999,0.1307,0.0762,0.362,5082.79,24096.6,2553.56,0.1618,1.3914,0.1202,0.0744,0.4672,0.1197,0.0755,0,0,0,Healthy,Stable / Low Growth
SRI LOTUS DEVELOPERS & REALTY LTD,2026,768.95,237.09,-269.9100000000003,0.1241,0.1008,0.0687,131.22,2351.46,-325.85,-0.4238,-1.3744,6.4181,0.4039,0.0426,0.9296,0.0604,0,0,0,Healthy,Quality Growth
STALLION INDIA FLUOROCHEMICALS LTD,2026,430.68,43.84,11.059999999999956,0.0644,0.0595,0.0506,34.47,737.04,39.36,0.0914,0.8978,12.2264,0.141,0.356,1.2089,13.1852,0,0,0,Healthy,Stable / Low Growth
STANDARD ENGINEERING TECHNOLOGY LTD,2026,774.1,80.04,-115.9999999999999,0.1015,0.0638,0.1048,82.69,1253.8,45.33,0.0586,0.5663,1.3734,0.2614,0.244,0.3082,0.2194,0,0,0,Healthy,Quality Growth
STAR CEMENT LTD,2026,3776.49,393.42,531.9000000000001,0.1233,0.0847,0.1891,603.33,4646.86,764.86,0.2025,1.9441,0.2063,0.1938,1.3279,0.1315,0.498,0,0,0,Healthy,Stable / Low Growth
STAR HEALTH & ALLIED INSURANCE COMPANY LTD,2026,17825.0,556.98,754.3300000000023,0.0735,0.0231,0.062,470.0,24063.77,1873.46,0.1051,3.3636,3.0649,0.1071,-0.1376,0.1578,0.0,0,0,0,Healthy,Stable / Low Growth
STATE BANK OF INDIA,2026,514932.59,83298.78,114027.97999999998,0.1397,0.01,11.4411,6820399.27,8321175.98,38097.39,0.074,0.4574,0.0362,0.0502,0.074,0.1377,0.1272,0,0,0,Moderate Risk,Stable / Low Growth
STEEL AUTHORITY OF INDIA LTD,2026,110810.84,3372.8,14768.070000000002,0.0559,0.0248,0.529,31927.71,135896.11,19039.3,0.1718,5.645,0.0229,0.0813,0.422,-0.006,-0.1355,0,0,0,Healthy,Stable / Low Growth
STEEL STRIPS WHEELS LTD,2026,5182.8,202.09,141.6899999999997,0.1165,0.0529,0.4775,828.37,3816.76,331.16,0.0639,1.6387,0.0079,0.1702,-0.0374,0.1341,0.0009,0,0,0,Healthy,Stable / Low Growth
STEELCAST LTD,2026,423.17,86.86,120.74000000000004,0.2199,0.1887,0.0,0.0,460.21,86.44,0.2043,0.9952,16.59,0.1333,0.203,0.182,-1.0,0,0,0,Healthy,Stable / Low Growth
STERLING & WILSON RENEWABLE ENERGY LTD,2026,7548.05,-309.43,-270.2399999999988,-0.4762,-0.0582,1.8337,1191.43,5317.42,-257.35,-0.0341,0.8317,0.4477,0.1977,-4.799,-0.0555,0.2725,0,0,0,Moderate Risk,Stable / Low Growth
STERLITE TECHNOLOGIES LTD,2026,4745.0,56.0,-45.0,0.0247,0.0089,0.8563,1942.0,6288.0,520.0,0.1096,9.2857,0.1662,0.1874,-1.4553,0.1546,0.0083,0,0,0,Healthy,Stable / Low Growth
STRIDES PHARMA SCIENCE LTD,2026,4858.68,556.19,745.2499999999999,0.179,0.0817,0.5657,1757.99,6806.57,702.52,0.1446,1.2631,0.1212,0.0643,-0.8452,0.1479,-0.0647,0,0,0,Healthy,Stable / Low Growth
STYLAM INDUSTRIES LTD,2026,1129.29,149.47,182.6899999999999,0.1853,0.1527,0.0361,29.09,979.13,177.08,0.1568,1.1847,2.2419,0.1016,0.2269,0.2577,-0.1935,0,0,0,Healthy,Stable / Low Growth
STYRENIX PERFORMANCE MATERIALS LTD,2026,3438.03,182.85,253.66999999999967,0.1338,0.0737,0.4012,548.1,2482.56,183.25,0.0533,1.0022,0.1337,0.1528,-0.2177,0.0598,0.3797,0,0,0,Healthy,Stable / Low Growth
SUBROS LTD,2026,3755.52,165.65,188.18000000000023,0.1331,0.0776,0.0241,30.01,2134.11,105.33,0.028,0.6359,1.2251,0.1152,0.1004,0.1482,-0.267,0,0,0,Healthy,Stable / Low Growth
SUDARSHAN CHEMICAL INDUSTRIES LTD,2026,9787.2,22.3,495.4000000000004,0.0065,0.0023,0.7168,2473.2,9552.7,344.0,0.0351,15.426,0.4344,1.9254,-0.6011,-0.0084,0.0402,0,0,0,Healthy,Revenue Growth Only
SUMITOMO CHEMICAL INDIA LTD,2026,3185.76,543.14,709.3800000000005,0.1605,0.1225,0.0157,53.01,4434.11,443.4,0.1392,0.8164,2.2046,0.0309,0.0821,0.1283,0.1783,0,0,0,Healthy,Stable / Low Growth
SUN PHARMA ADVANCED RESEARCH COMPANY LTD,2026,1879.17,1552.13,1552.13,1.1639,0.7159,0.4194,559.31,2168.0,-238.89,-0.1271,-0.1539,0.0006,25.1832,-5.4961,5.5843,1.1074,0,0,0,Healthy,Revenue Growth Only
SUN PHARMACEUTICAL INDUSTRIES LTD,2026,58462.04,11479.42,15805.14,0.1374,0.1059,0.0554,4627.32,108407.2,12419.18,0.2124,1.0819,2.507,0.1119,0.0504,0.1795,0.9589,0,0,0,Healthy,Stable / Low Growth
SUN TV NETWORK LTD,2026,4334.82,1439.58,1939.17,0.1139,0.104,0.0084,105.93,13841.11,1801.64,0.4156,1.2515,2.7077,0.0796,-0.1546,0.0953,-0.1428,0,0,0,Healthy,Stable / Low Growth
SUNDARAM FINANCE LTD,2026,9851.53,2058.86,2680.57,0.1382,0.024,4.6756,69636.3,85795.41,-5892.22,-0.5981,-2.8619,0.0218,0.1573,0.0955,0.1388,0.14,0,0,0,Healthy,Stable / Low Growth
SUNDRAM FASTENERS LTD,2026,6288.82,591.18,667.5699999999996,0.1383,0.0996,0.1461,624.57,5935.58,837.04,0.1331,1.4159,0.1548,0.056,0.0966,0.074,-0.2415,0,0,0,Healthy,Stable / Low Growth
SUNFLAG IRON & STEEL COMPANY LTD,2026,3939.38,202.35,559.0400000000001,0.0228,0.0179,0.0591,523.98,11292.46,390.1,0.099,1.9278,0.4376,0.1142,0.2486,0.0094,-0.1604,0,0,0,Healthy,Stable / Low Growth
SUNTECK REALTY LTD,2026,1123.84,204.37,265.77,0.0566,0.0206,0.2144,774.18,9912.84,-432.5,-0.3848,-2.1163,0.1225,0.3173,0.3596,0.1911,1.0008,0,0,0,Healthy,Revenue Growth Only
SUPRAJIT ENGINEERING LTD,2026,3824.82,182.67,172.38999999999987,0.1271,0.0576,0.6908,992.62,3173.2,171.03,0.0447,0.9363,0.1054,0.1672,0.8401,0.1343,0.2156,0,0,0,Healthy,Stable / Low Growth
SUPREME INDUSTRIES LTD,2026,11217.68,953.98,907.57,0.1546,0.1224,0.0147,90.84,7794.89,1224.77,0.1092,1.2839,7.1699,0.0738,-0.0072,0.0875,0.1984,0,0,0,Healthy,Stable / Low Growth
SUPREME PETROCHEM LTD,2026,5338.4,327.31,451.79,0.1381,0.0944,0.0532,126.08,3466.7,246.33,0.0461,0.7526,3.4056,-0.1137,-0.1619,0.0054,-0.0266,0,0,0,Healthy,Declining
SUPRIYA LIFESCIENCE LTD,2026,827.88,209.12,252.60000000000005,0.1746,0.1541,0.0045,5.44,1357.11,0.0,0.0,0.0,12.2469,0.1887,0.1126,0.2201,0.0112,0,0,0,Healthy,Stable / Low Growth
SURYA ROSHNI LTD,2026,7540.42,285.81,290.3399999999999,0.1085,0.0806,0.0303,79.81,3544.91,400.66,0.0531,1.4018,5.6051,0.0141,-0.1754,0.0962,3.8963,0,0,0,Healthy,Stable / Low Growth
SUSTAINABLE ENERGY INFRA TRUST,2026,728.32,133.98,112.06000000000006,0.0463,0.0191,1.1329,3281.43,7018.87,616.74,0.8468,4.6032,0.0769,0.0089,-0.0354,-0.0355,-0.016,0,0,0,Healthy,Stable / Low Growth
SUVEN LIFE SCIENCES LTD,2026,7.11,-276.34,-276.34,-0.4673,-0.4427,0.0282,16.69,624.21,-299.9,-42.18,1.0853,19.0763,0.0676,0.7191,3.6173,0.0,0,0,0,Moderate Risk,Stable / Low Growth
SUZLON ENERGY LTD,2026,16731.84,3163.39,1159.9999999999995,0.3343,0.1677,0.0587,555.78,18868.86,1202.06,0.0718,0.38,2.2373,0.5365,0.527,0.456,0.7198,0,0,0,Healthy,Quality Growth
SWAN CORP LTD,2026,4371.2,274.13,1299.94,0.0364,0.0198,0.2791,2103.49,13853.0,-14.49,-0.0033,-0.0529,0.3907,-0.1148,-0.6371,0.0183,-0.255,0,0,0,Healthy,Declining
SWAN DEFENCE AND HEAVY INDUSTRIES LTD,2026,282.14,-225.97,673.47,-3.2448,-0.0713,40.0274,2787.51,3167.19,182.06,0.6453,-0.8057,0.1036,39.1337,0.2482,0.0952,0.1127,0,0,0,High Risk,Revenue Growth Only
SWARAJ ENGINES LTD,2026,2007.13,196.31,261.5000000000003,0.4015,0.2521,0.0042,2.05,778.83,116.52,0.0581,0.5936,39.9443,0.1934,0.1827,0.1587,0.0302,0,0,0,Healthy,Stable / Low Growth
SWIGGY LTD,2026,23053.0,-4154.0,-4198.0,-0.2268,-0.1646,0.1393,2551.0,25237.0,-2898.0,-0.1257,0.6976,1.5842,0.514,0.3327,0.6598,0.4988,0,0,0,Moderate Risk,Revenue Growth Only
SYMPHONY LTD,2026,1130.44,-141.05,-65.89999999999978,-0.2587,-0.137,0.3164,172.51,1029.5,-81.15,-0.0718,0.5753,0.3005,-0.2826,-1.6638,-0.2211,0.2177,0,0,0,Moderate Risk,Declining
SYNGENE INTERNATIONAL LTD,2026,3738.7,316.7,425.6999999999997,0.0654,0.0449,0.0947,458.4,7054.7,915.2,0.2448,2.8898,1.8132,0.0264,-0.3617,0.0381,-0.2068,0,0,0,Healthy,Stable / Low Growth
SYRMA SGS TECHNOLOGY LTD,2026,4819.06,317.78,381.74,0.111,0.0551,0.1397,399.9,5766.56,289.57,0.0601,0.9112,0.7453,0.2726,0.8707,0.3722,-0.3983,0,0,0,Healthy,Quality Growth
TAMILNAD MERCANTILE BANK LTD,2026,5819.41,1337.55,1806.5999999999997,0.1323,0.0178,6.1732,62412.35,75299.59,-100.87,-0.0173,-0.0754,0.0296,0.0998,0.131,0.1332,0.1518,0,0,0,Moderate Risk,Stable / Low Growth
TANFAC INDUSTRIES LTD,2026,711.07,70.14,75.16000000000005,0.188,0.1329,0.2487,92.81,527.74,43.4,0.061,0.6188,0.3114,0.2767,-0.2043,0.2376,1.2402,0,0,0,Healthy,Revenue Growth Only
TANLA PLATFORMS LTD,2026,4417.71,509.15,634.4100000000003,0.2046,0.1365,0.0212,52.71,3730.02,574.19,0.13,1.1277,19.8032,0.0968,0.0037,0.1175,-0.177,0,0,0,Healthy,Stable / Low Growth
TARC LTD,2026,329.84,19.07,-873.8399999999997,0.018,0.0041,1.7842,1894.94,4599.59,190.73,0.5783,10.0016,0.0428,8.7904,-1.0825,0.0916,-0.0302,0,0,0,Healthy,Revenue Growth Only
TATA CHEMICALS LTD,2026,14584.0,-1896.0,-1617.0,-0.0894,-0.0486,0.3773,8001.0,38998.0,1269.0,0.087,-0.6693,0.0552,-0.0204,-9.0681,0.0331,0.1314,0,0,0,Moderate Risk,Declining
TATA COMMUNICATIONS LTD,2026,24802.72,1001.57,1395.7000000000023,0.2906,0.0354,3.5535,12248.9,28287.22,4479.1,0.1806,4.4721,0.0568,0.0733,-0.4546,0.0697,-0.0088,0,0,0,Healthy,Stable / Low Growth
TATA CONSULTANCY SERVICES LTD,2026,267021.0,49210.0,65487.0,0.4589,0.2716,0.1052,11283.0,181167.0,52094.0,0.1951,1.0586,1.1439,0.0458,0.0135,0.1419,0.2013,0,0,0,Healthy,Stable / Low Growth
TATA CONSUMER PRODUCTS LTD,2026,20290.43,1542.3,2091.28,0.0708,0.045,0.1294,2819.51,34278.74,2421.85,0.1194,1.5703,1.2127,0.1517,0.2064,0.0769,0.1784,0,0,0,Healthy,Stable / Low Growth
TATA ELXSI LTD,2026,3757.42,628.43,825.1099999999997,0.2066,0.1586,0.0534,162.28,3962.54,663.98,0.1767,1.0566,10.2195,0.0076,-0.1994,0.1051,-0.1561,0,0,0,Healthy,Stable / Low Growth
TATA INVESTMENT CORPORATION LTD,2026,403.05,433.68,474.08,0.0148,0.0133,0.0,0.52,32652.12,279.39,0.6932,0.6442,6.9145,0.3183,0.3896,-0.0628,0.0,0,0,0,Healthy,Revenue Growth Only
TATA MOTORS LTD,2026,83855.0,3030.0,4079.0,0.2379,0.0579,0.4409,5615.0,52309.0,14981.0,0.1787,4.9442,1.3846,0.4404,-0.0516,0.1165,-0.4343,0,0,0,Healthy,Revenue Growth Only
TATA MOTORS PASSENGER VEHICLES LTD,2026,335582.0,82390.0,85721.0,0.7352,0.2173,0.7059,79109.0,379189.0,13041.0,0.0389,0.1583,0.3752,-0.0833,1.9605,0.0059,0.1058,0,0,0,Healthy,Declining
TATA POWER COMPANY LTD,2026,62428.59,3747.19,6467.769999999991,0.0949,0.0215,1.9292,76141.27,174564.24,5993.33,0.096,1.5994,0.1792,-0.0466,-0.0564,0.1176,0.2112,0,0,0,Healthy,Declining
TATA STEEL LTD,2026,232139.94,10793.87,17947.929999999986,0.1056,0.0364,0.9042,92381.68,296514.62,35064.46,0.151,3.2486,0.1089,0.0622,2.1556,0.0764,-0.0255,0,0,0,Healthy,Stable / Low Growth
TATA TECHNOLOGIES LTD,2026,5505.57,546.59,764.7200000000001,0.1393,0.0617,0.2391,937.98,8860.15,775.7,0.1409,1.4192,0.7616,0.0652,-0.1926,0.3295,2.9647,0,0,0,Healthy,Stable / Low Growth
TATA TELESERVICES (MAHARASHTRA) LTD,2026,1160.23,-215.3,-215.30000000000007,0.0108,-0.1605,-1.0443,20868.92,1341.03,667.56,0.5754,-3.1006,0.0007,-0.113,-0.8312,0.0286,0.0222,0,0,0,Moderate Risk,Declining
TATVA CHINTAN PHARMA CHEM LTD,2026,505.86,42.05,-32.41000000000004,0.0538,0.0419,0.154,120.37,1003.69,31.49,0.0623,0.7489,0.0724,0.3218,6.3643,0.2002,2.3078,0,0,0,Healthy,Revenue Growth Only
TBO TEK LTD,2026,2677.48,244.31,293.3100000000003,0.1576,0.0263,0.4876,756.14,9302.54,-20.77,-0.0078,-0.085,1.6876,0.541,0.0627,0.499,2.5304,0,0,0,Healthy,Revenue Growth Only
TD POWER SYSTEMS LTD,2026,1856.23,238.77,205.50000000000023,0.2228,0.1272,0.0169,18.11,1876.59,129.07,0.0695,0.5406,10.3919,0.4516,0.3677,0.376,0.482,0,0,0,Healthy,Quality Growth
TECH MAHINDRA LTD,2026,56815.4,4810.9,6573.099999999999,0.1624,0.0978,0.0738,2186.2,49167.7,6172.0,0.1086,1.2829,2.3342,0.0722,0.1316,0.1107,0.0795,0,0,0,Healthy,Stable / Low Growth
TECHNO ELECTRIC & ENGINEERING COMPANY LTD,2026,3251.63,473.87,600.3199999999995,0.114,0.0798,0.0174,72.49,5938.5,-589.96,-0.1814,-1.245,1.7733,0.4333,0.1204,0.1774,0.8544,0,0,0,Healthy,Quality Growth
TECHNOCRAFT INDUSTRIES (INDIA) LTD,2026,2758.98,285.31,309.25000000000034,0.1411,0.0878,0.405,819.09,3249.33,243.48,0.0883,0.8534,0.2382,0.063,0.1137,0.0846,-0.0315,0,0,0,Healthy,Stable / Low Growth
TECHNVISION VENTURES LTD,2026,269.34,0.22,2.400000000000002,0.0147,0.0011,1.3191,19.8,202.46,8.17,0.0303,37.1364,1.4803,0.1823,1.0,0.1413,-0.1399,0,0,0,Healthy,Stable / Low Growth
TEJAS NETWORKS LTD,2026,1103.28,-908.89,-1617.1900000000005,-0.3101,-0.0967,1.4252,4177.08,9402.73,135.17,0.1225,-0.1487,0.0335,-0.8764,-3.0355,-0.1012,0.2261,0,0,0,Moderate Risk,Declining
TENNECO CLEAN AIR INDIA LTD,2026,5403.98,603.58,756.4700000000005,0.5041,0.2379,0.043,51.49,2537.09,1429.48,0.2645,2.3683,10.8866,0.105,0.0933,-0.104,1.615,0,0,0,Healthy,Stable / Low Growth
TEXMACO RAIL & ENGINEERING LTD,2026,4377.27,195.15,252.04000000000025,0.0822,0.0386,0.3769,894.71,5053.82,362.67,0.0829,1.8584,0.259,-0.1428,-0.2168,0.0448,-0.0563,0,0,0,Healthy,Declining
THANGAMAYIL JEWELLERY LTD,2026,8499.33,351.65,-1385.1499999999987,0.2483,0.092,0.6449,913.21,3820.46,322.33,0.0379,0.9166,0.417,0.7308,1.9623,0.4928,0.1454,0,0,0,Healthy,Quality Growth
THE ANUP ENGINEERING LTD,2026,822.29,110.39,176.09999999999997,0.1598,0.1137,0.159,109.89,970.66,2.16,0.0026,0.0196,0.1137,0.1221,-0.0669,0.0481,2.3896,0,0,0,Healthy,Stable / Low Growth
THE RAMCO CEMENTS LTD,2026,9028.76,698.65,859.0000000000008,0.0863,0.042,0.4783,3871.1,16628.58,1611.06,0.1784,2.306,0.0587,0.0599,1.5624,0.0183,-0.1719,0,0,0,Healthy,Stable / Low Growth
THERMAX LTD,2026,10774.01,720.5,909.78,0.1298,0.0544,0.4239,2352.53,13241.96,541.55,0.0503,0.7516,0.5059,0.0373,0.1356,0.1634,0.3696,0,0,0,Healthy,Stable / Low Growth
THOMAS COOK (INDIA) LTD,2026,8398.17,218.85,329.92,0.0859,0.0277,0.2118,539.37,7898.52,643.04,0.0766,2.9383,2.0242,0.0318,-0.1395,0.1238,0.1596,0,0,0,Healthy,Stable / Low Growth
THYROCARE TECHNOLOGIES LTD,2026,829.04,163.04,212.41999999999985,0.2785,0.2182,0.0866,50.69,747.22,213.23,0.2572,1.3078,1.3186,0.2061,0.7817,0.0786,1.0539,0,0,0,Healthy,Quality Growth
TIMEX GROUP INDIA LTD,2026,798.59,75.44,39.54000000000004,1.0007,0.2233,0.9472,71.41,337.77,90.99,0.1139,1.2061,0.4691,0.4841,1.401,0.34,-0.2897,0,0,0,Healthy,Quality Growth
TIMKEN INDIA LTD,2026,3419.32,398.33,462.4300000000007,0.134,0.1062,0.0049,14.56,3751.43,437.43,0.1279,1.0982,14.4242,0.0863,-0.1097,0.0952,-0.1239,0,0,0,Healthy,Stable / Low Growth
TIPS MUSIC LTD,2026,375.51,216.75,291.87,0.8338,0.5987,0.0196,5.1,362.03,196.99,0.5246,0.9088,1.3131,0.2086,0.3013,0.0667,0.4783,0,0,0,Healthy,Quality Growth
TITAN COMPANY LTD,2026,87584.0,5073.0,-13071.0,0.3231,0.0838,1.95,30621.0,60561.0,5590.0,0.0638,1.1019,0.0626,0.4487,0.5202,0.49,0.4738,0,0,0,Healthy,Quality Growth
TORRENT PHARMACEUTICALS LTD,2026,13979.73,2163.37,2894.99,0.2579,0.0496,1.7912,15025.5,43613.69,3022.71,0.2162,1.3972,0.0775,0.2139,0.1319,2.0297,3.6921,0,0,0,Healthy,Revenue Growth Only
TORRENT POWER LTD,2026,28966.31,2416.43,3316.769999999997,0.1267,0.0536,0.7324,13970.56,45045.07,5464.17,0.1886,2.2613,0.0595,-0.0068,-0.1914,0.2355,0.5804,0,0,0,Healthy,Declining
TOURISM FINANCE CORPORATION OF INDIA LTD,2026,276.67,123.46,155.78,0.0939,0.0512,0.8194,1077.61,2411.79,-46.28,-0.1673,-0.3749,0.0627,0.0957,0.1893,0.1472,0.2495,0,0,0,Healthy,Stable / Low Growth
TRANSFORMERS & RECTIFIERS INDIA LTD,2026,2508.8,264.39,197.4200000000006,0.1745,0.0992,0.3015,456.65,2665.72,-105.38,-0.042,-0.3986,0.3081,0.2439,0.2339,0.2191,0.6147,0,0,0,Healthy,Quality Growth
TRANSPORT CORPORATION OF INDIA LTD,2026,4916.77,456.25,499.8900000000008,0.1778,0.131,0.1217,312.4,3481.86,444.39,0.0904,0.974,0.3614,0.0946,0.1064,0.1867,0.2917,0,0,0,Healthy,Stable / Low Growth
TRANSRAIL LIGHTING LTD,2026,6880.11,403.59,298.7300000000004,0.1769,0.0549,0.2973,678.13,7354.49,642.92,0.0934,1.593,1.1239,0.2962,0.2356,0.1799,0.0266,0,0,0,Healthy,Quality Growth
TRAVEL FOOD SERVICES LTD,2026,1647.8,441.03,595.0900000000001,0.3057,0.1934,0.1697,244.79,2279.84,392.97,0.2385,0.891,0.2415,-0.0237,0.2145,0.1982,-0.2651,0,0,0,Healthy,Declining
TRENT LTD,2026,20074.21,1719.65,1772.1199999999997,0.2462,0.1466,0.3667,2561.25,11728.58,2667.62,0.1329,1.5513,0.1104,0.1716,0.1118,0.2451,0.1449,0,0,0,Healthy,Stable / Low Growth
TRIDENT LTD,2026,6701.05,377.11,626.8300000000011,0.079,0.05,0.3832,1828.53,7536.83,760.18,0.1134,2.0158,0.3458,-0.0409,0.0195,0.0525,0.1182,0,0,0,Healthy,Declining
TRIVENI ENGINEERING AND INDUSTRIES LTD,2026,5951.6,268.71,114.01000000000072,0.0804,0.0412,0.6465,2161.01,6521.19,187.92,0.0316,0.6993,0.0325,0.0461,0.1049,0.0492,0.0914,0,0,0,Healthy,Stable / Low Growth
TRIVENI TURBINE LTD,2026,2181.1,349.7,457.90000000000015,0.2418,0.1401,0.0248,35.8,2496.8,111.0,0.0509,0.3174,7.5489,0.0874,-0.0209,0.2247,-0.0858,0,0,0,Healthy,Stable / Low Growth
TRUALT BIOENERGY LTD,2026,1727.51,95.95,-155.37000000000018,0.0631,0.0254,1.0863,1651.51,3778.34,-295.63,-0.1711,-3.0811,0.0543,-0.0945,-0.3457,0.2471,0.061,0,0,0,Healthy,Declining
TSF INVESTMENTS LTD,2026,1026.9,521.78,286.80000000000007,0.0865,0.0774,0.0389,234.61,6742.78,266.25,0.2593,0.5103,0.6008,5.641,0.2661,0.1553,13.572,0,0,0,Healthy,Revenue Growth Only
TTK PRESTIGE LTD,2026,2973.57,160.59,132.4800000000007,0.0811,0.0592,0.0876,173.53,2713.89,209.73,0.0705,1.306,3.5325,0.0953,0.4282,0.0736,-0.0347,0,0,0,Healthy,Stable / Low Growth
TUBE INVESTMENTS OF INDIA LTD,2026,22847.43,636.84,1335.860000000001,0.0822,0.0297,0.0973,754.01,21424.75,1161.01,0.0508,1.8231,1.9455,0.1738,-0.0547,0.3492,0.0721,0,0,0,Healthy,Stable / Low Growth
TURTLEMINT FINTECH SOLUTIONS LTD,2026,1098.28,-184.27,-192.57000000000005,-0.6038,-0.4094,0.0606,18.5,450.09,-182.21,-0.1659,0.9888,6.4123,0.6573,-0.0507,-0.2222,-0.3433,0,0,0,Moderate Risk,Revenue Growth Only
TVS HOLDINGS LTD,2026,58154.5,1695.69,5876.840000000006,0.2623,0.0266,5.592,36156.34,63652.67,1137.3,0.0196,0.6707,0.1494,0.2925,0.4566,0.181,0.1129,0,0,0,Moderate Risk,Revenue Growth Only
TVS MOTOR COMPANY LTD,2026,56069.52,3018.33,5579.840000000004,0.3156,0.0538,3.4285,32791.01,56145.62,1866.59,0.0333,0.6184,0.1373,0.2717,0.3501,0.1783,0.1462,0,0,0,Healthy,Quality Growth
TVS SRICHAKRA LTD,2026,3643.35,71.23,221.13000000000008,0.0598,0.0234,0.6448,767.45,3042.88,296.99,0.0815,4.1695,0.0303,0.1197,2.4561,0.0224,-0.1338,0,0,0,Healthy,Stable / Low Growth
TVS SUPPLY CHAIN SOLUTIONS LTD,2026,11002.97,114.28,-51.75999999999847,0.0562,0.016,1.355,2755.36,7140.07,746.34,0.0678,6.5308,0.2626,0.1008,-9.4091,0.247,0.3195,0,0,0,Healthy,Stable / Low Growth
UCO BANK,2026,26281.36,2767.86,4373.490000000001,0.0832,0.007,10.5528,350872.35,395858.44,-10584.18,-0.4027,-3.824,0.0275,0.0484,0.1321,0.0921,0.0889,0,0,0,Moderate Risk,Stable / Low Growth
UFLEX LTD,2026,15400.52,317.1,655.6699999999987,0.039,0.0143,1.2499,10152.3,22171.44,992.37,0.0644,3.1295,0.1056,0.0242,1.2281,0.1407,0.2155,0,0,0,Healthy,Stable / Low Growth
UJAAS ENERGY LTD,2026,16.64,3.16,4.85,0.0356,0.027,0.2707,24.0,117.1,4.38,0.2632,1.3861,0.1548,-0.3823,-0.6429,0.0389,0.0,0,0,0,Healthy,Declining
UJJIVAN SMALL FINANCE BANK LTD,2026,6931.45,692.63,911.0399999999996,0.1016,0.012,7.2486,49404.34,57541.21,1843.2,0.2659,2.6612,0.0589,0.0908,-0.0461,0.2066,0.2206,0,0,0,Moderate Risk,Stable / Low Growth
ULTRATECH CEMENT LTD,2026,88511.53,8165.64,11133.889999999978,0.1066,0.0578,0.31,23755.09,141315.1,15315.86,0.173,1.8756,0.0583,0.1653,0.3521,0.0575,-0.0144,0,0,0,Healthy,Stable / Low Growth
UNICHEM LABORATORIES LTD,2026,2201.85,252.84,332.7999999999996,0.093,0.0682,0.1841,500.15,3706.88,3.64,0.0017,0.0144,0.588,0.0431,0.8386,0.0385,0.0878,0,0,0,Healthy,Stable / Low Growth
UNIMECH AEROSPACE AND MANUFACTURING LTD,2026,240.49,63.28,75.70000000000002,0.0858,0.0685,0.1719,126.73,923.55,60.56,0.2518,0.957,0.966,-0.01,-0.2418,0.1441,0.5033,0,0,0,Healthy,Declining
UNION BANK OF INDIA,2026,106798.9,19430.21,24284.49999999999,0.1455,0.0122,10.3897,1387556.56,1587502.69,-357.98,-0.0034,-0.0184,0.0465,0.0019,0.0778,0.0504,0.0357,0,0,0,Moderate Risk,Stable / Low Growth
UNIPARTS INDIA LTD,2026,1170.4,158.32,135.66000000000005,0.1819,0.1262,0.1777,154.69,1254.88,173.64,0.1484,1.0968,0.3036,0.2145,0.7991,0.0666,0.2901,0,0,0,Healthy,Quality Growth
UNITED BREWERIES LTD,2026,9239.94,413.17,297.2500000000011,0.0914,0.0426,0.2911,1316.53,9692.57,434.95,0.0471,1.0527,0.4338,0.0364,-0.0646,0.1787,1.1235,0,0,0,Healthy,Stable / Low Growth
UNITED FOODBRANDS LTD,2026,1338.7,-59.13,-68.25999999999993,-0.1906,-0.0411,2.8529,885.27,1437.34,222.96,0.1665,-3.7707,0.0312,0.0857,1.1277,0.0938,0.1687,0,0,0,Moderate Risk,Stable / Low Growth
UNITED SPIRITS LTD,2026,12467.0,1838.0,2066.0,0.2053,0.1272,0.0461,413.0,14451.0,1459.0,0.117,0.7938,4.7754,0.033,0.1618,0.0968,-0.1396,0,0,0,Healthy,Stable / Low Growth
UNIVERSAL CABLES LTD,2026,3022.07,163.11,3.0799999999999272,0.0863,0.0377,0.6226,1177.31,4323.09,63.48,0.021,0.3892,0.0053,0.2554,0.8247,0.2643,0.3871,0,0,0,Healthy,Revenue Growth Only
UNO MINDA LTD,2026,19657.59,1197.13,1220.559999999998,0.1753,0.0874,0.4012,2740.12,13698.46,1720.35,0.0875,1.4371,0.1307,0.1719,0.2696,0.1678,0.1081,0,0,0,Healthy,Stable / Low Growth
UPL LTD,2026,51839.0,1922.0,-533.0,0.0554,0.0206,0.6795,23576.0,93119.0,7855.0,0.1515,4.0869,0.2581,0.1115,1.1427,0.0826,-0.0607,0,0,0,Healthy,Stable / Low Growth
URBAN COMPANY LTD,2026,1555.54,-234.81,-225.34000000000012,-0.1095,-0.0864,0.0633,135.79,2718.43,-98.63,-0.0634,0.42,3.8887,0.3592,-1.9793,0.2301,0.1289,0,0,0,Moderate Risk,Revenue Growth Only
USHA MARTIN LTD,2026,3691.06,465.99,834.7399999999997,0.1411,0.1109,0.0692,228.57,4202.5,655.34,0.1775,1.4063,2.0813,0.0624,0.1438,0.1262,-0.4515,0,0,0,Healthy,Stable / Low Growth
V I P INDUSTRIES LTD,2026,1858.13,-338.01,50.67000000000012,-1.1676,-0.2107,2.5484,737.77,1604.22,180.95,0.0974,-0.5353,0.0616,-0.147,3.9137,-0.1358,-0.0177,0,0,0,Moderate Risk,Declining
V-GUARD INDUSTRIES LTD,2026,5965.78,308.33,492.5499999999991,0.1299,0.0834,0.0696,165.26,3698.03,458.55,0.0769,1.4872,0.3567,0.0696,-0.0172,0.1108,0.2377,0,0,0,Healthy,Stable / Low Growth
V-MARC INDIA LTD,2026,1797.0,100.08,-38.12999999999994,0.3457,0.0977,0.738,213.66,1024.38,109.22,0.0608,1.0913,0.0411,1.0055,1.7731,0.5863,0.2211,0,0,0,Healthy,Quality Growth
V-MART RETAIL LTD,2026,3789.36,124.0,153.38000000000022,0.1304,0.0446,1.0068,957.59,2779.9,500.54,0.1321,4.0366,0.0204,0.1646,1.7092,0.1411,0.2237,0,0,0,Healthy,Stable / Low Growth
V2 RETAIL LTD,2026,3060.03,163.34,-1008.6899999999998,0.181,0.0674,1.1023,994.59,2421.85,-96.24,-0.0315,-0.5892,0.0063,0.6238,1.3038,0.5356,0.1557,0,0,0,Healthy,Quality Growth
VADILAL INDUSTRIES LTD,2026,1503.12,155.1,113.14999999999984,0.1824,0.1218,0.2701,229.64,1273.33,143.07,0.0952,0.9224,0.1855,0.2141,0.0317,0.1636,0.052,0,0,0,Healthy,Quality Growth
VAIBHAV GLOBAL LTD,2026,3691.79,266.13,274.35000000000025,0.1615,0.1046,0.2523,415.84,2544.31,310.22,0.084,1.1657,0.891,0.0924,0.7353,0.2507,0.8249,0,0,0,Healthy,Stable / Low Growth
VALOR ESTATE LTD,2026,1593.27,25.48,1442.09,0.0062,0.004,0.1825,746.76,6358.87,938.79,0.5892,36.8442,0.1027,0.4061,-1.2029,-0.256,-0.607,0,0,0,Healthy,Revenue Growth Only
VARDHMAN SPECIAL STEELS LTD,2026,1754.43,122.02,287.37,0.0955,0.0747,0.0728,93.0,1633.12,105.88,0.0604,0.8677,0.623,-0.0057,0.3108,0.4377,-0.2269,0,0,0,Healthy,Declining
VARDHMAN TEXTILES LTD,2026,9869.05,745.25,1023.7499999999992,0.0709,0.0537,0.1764,1854.98,13865.55,1108.12,0.1123,1.4869,0.0449,0.0086,-0.1563,0.1152,0.4981,0,0,0,Healthy,Stable / Low Growth
VARROC ENGINEERING LTD,2026,8890.49,225.03,223.33999999999975,0.1264,0.0462,0.5194,924.64,4867.91,536.8,0.0604,2.3855,0.1954,0.0903,2.6752,0.043,-0.1733,0,0,0,Healthy,Stable / Low Growth
VEDANT FASHIONS LTD,2026,1435.48,375.54,601.87,0.1912,0.1316,0.2329,457.59,2852.72,481.44,0.3354,1.282,0.0242,0.0353,-0.0333,0.0386,-0.0524,0,0,0,Healthy,Stable / Low Growth
VEDANTA ALUMINIUM METAL LTD,2026,66891.0,11819.0,17363.0,0.0,0.0,0.0,0.0,0.0,0.0,0.0,0.0,0.0,0.0,0.0,0.0,0.0,0,0,0,Healthy,Declining
VEDANTA IRON & STEEL LTD,2026,13587.0,-2882.0,-1966.0,0.0,0.0,0.0,0.0,0.0,0.0,0.0,0.0,0.0,0.0,0.0,0.0,0.0,0,0,0,Moderate Risk,Declining
VEDANTA LTD,2026,78437.0,17391.0,29288.0,0.3503,0.0749,0.6636,32947.0,232311.0,39499.0,0.5036,2.2712,0.1135,0.2506,0.1603,0.1619,-0.6398,0,0,0,Healthy,Quality Growth
VEDANTA OIL AND GAS LTD,2026,9606.0,-488.0,-333.0,0.0,0.0,0.0,0.0,0.0,0.0,0.0,0.0,0.0,0.0,0.0,0.0,0.0,0,0,0,Moderate Risk,Declining
VEDANTA POWER LTD,2026,8799.0,-1686.0,-2271.0,0.0,0.0,0.0,0.0,0.0,0.0,0.0,0.0,0.0,0.0,0.0,0.0,0.0,0,0,0,Moderate Risk,Declining
VENTIVE HOSPITALITY LTD,2026,2461.05,425.65,734.17,0.0773,0.0399,0.4676,2574.43,10680.6,949.9,0.386,2.2316,0.1636,0.5336,2.5385,0.0853,-0.0617,0,0,0,Healthy,Revenue Growth Only
VENUS PIPES & TUBES LTD,2026,1166.85,101.96,121.66999999999976,0.1525,0.0785,0.294,196.52,1299.55,112.42,0.0963,1.1026,0.1465,0.2173,0.0976,0.2888,0.026,0,0,0,Healthy,Quality Growth
VERTIS INFRASTRUCTURE TRUST,2026,3819.26,631.73,739.4100000000001,0.0984,0.0317,1.8036,11573.98,19947.93,3301.51,0.8644,5.2261,0.1092,0.7955,0.3495,0.3963,1.3464,0,0,0,Healthy,Revenue Growth Only
VIJAYA DIAGNOSTIC CENTRE LTD,2026,814.2,172.98,232.6800000000001,0.1807,0.1148,0.4415,422.59,1507.05,270.59,0.3323,1.5643,0.1245,0.1949,0.209,0.1833,0.3223,0,0,0,Healthy,Stable / Low Growth
VIKRAM SOLAR LTD,2026,4803.43,469.06,524.8700000000008,0.1478,0.0832,0.1944,616.96,5635.77,666.94,0.1388,1.4219,1.6052,0.4064,2.3721,0.9781,1.2687,0,0,0,Healthy,Quality Growth
VINATI ORGANICS LTD,2026,2228.22,487.78,592.9599999999999,0.1516,0.1347,0.0,0.0,3621.37,628.42,0.282,1.2883,4.85,-0.0088,0.1747,0.1098,-1.0,0,0,0,Healthy,Declining
VISHAL MEGA MART LTD,2026,12906.32,839.23,792.5700000000006,0.1132,0.0733,0.2682,1987.98,11449.43,1621.27,0.1256,1.9319,0.2991,0.2044,0.328,0.1457,0.1495,0,0,0,Healthy,Quality Growth
VISHNU CHEMICALS LTD,2026,1609.7,142.27,57.170000000000215,0.1331,0.0681,0.4931,527.23,2087.83,127.13,0.079,0.8936,0.19,0.1128,0.1234,0.2769,0.5403,0,0,0,Healthy,Stable / Low Growth
VODAFONE IDEA LTD,2026,44873.0,34552.0,34548.0,-0.9663,0.1803,-5.3842,192528.0,191630.0,19411.0,0.4326,0.5618,0.0298,0.0299,-2.2618,-0.0315,-0.1745,0,0,0,Moderate Risk,Stable / Low Growth
VOLTAS LTD,2026,14244.5,375.88,17.609999999998905,0.059,0.0259,0.1557,992.48,14496.08,70.97,0.005,0.1888,0.7861,-0.0758,-0.5533,0.1059,0.1127,0,0,0,Healthy,Declining
VRL LOGISTICS LTD,2026,3221.11,236.83,317.88,0.2073,0.0909,1.0102,1154.13,2605.14,654.37,0.2032,2.763,0.0135,0.019,0.2947,0.0075,-0.0602,0,0,0,Healthy,Stable / Low Growth
VST INDUSTRIES LTD,2026,1464.54,292.25,394.02,0.2022,0.145,0.0,0.0,2015.83,218.27,0.149,0.7469,34.64,0.0478,0.0064,0.11,0.0,0,0,0,Healthy,Stable / Low Growth
VST TILLERS TRACTORS LTD,2026,1240.36,106.0,129.33,0.0966,0.0787,0.0017,1.91,1347.45,131.61,0.1061,1.2416,17.1203,0.2472,0.1222,0.0634,-0.0255,0,0,0,Healthy,Revenue Growth Only
WAAREE ENERGIES LTD,2026,26536.77,3711.3,1141.8499999999997,0.2571,0.1232,0.2225,3212.62,30115.37,1626.95,0.0613,0.4384,2.0937,0.8372,0.9874,0.5282,1.6794,0,0,0,Healthy,Quality Growth
WAAREE RENEWABLE TECHNOLOGIES LTD,2026,3331.16,482.55,643.4999999999999,0.5136,0.206,0.1223,114.9,2342.97,290.93,0.0873,0.6029,3.0926,1.0853,1.1027,1.0895,3.198,0,0,0,Healthy,Quality Growth
WAKEFIT INNOVATIONS LTD,2026,1488.94,189.18,121.35000000000008,0.1671,0.108,0.2402,271.88,1751.2,244.53,0.1642,1.2926,0.89,0.169,-6.4051,0.6666,-0.0707,0,0,0,Healthy,Stable / Low Growth
WATERWAYS LEISURE TOURISM LIMITED,2026,579.75,52.14,78.24999999999994,0.6501,0.1526,1.4685,117.77,341.78,-96.44,-0.1663,-1.8496,0.0502,-0.0184,-0.69,0.3817,1.1053,0,0,0,Healthy,Declining
WEBSOL ENERGY SYSTEM LTD,2026,1049.44,303.0,242.5900000000001,0.4804,0.3257,0.2073,130.74,930.35,254.7,0.2427,0.8406,0.7598,0.8237,0.9581,0.8084,-0.1476,0,0,0,Healthy,Quality Growth
WELSPUN CORP LTD,2026,16770.14,1613.05,936.43,0.1762,0.0791,0.2573,2355.45,20399.84,3204.28,0.1911,1.9865,1.2612,0.1998,-0.1546,0.342,1.0985,0,0,0,Healthy,Stable / Low Growth
WELSPUN ENTERPRISES LTD,2026,3615.38,349.87,532.0899999999995,0.1149,0.0479,0.6526,1986.52,7301.65,112.19,0.031,0.3207,0.1698,-0.0216,0.0847,0.2107,0.3251,0,0,0,Healthy,Declining
WELSPUN LIVING LTD,2026,9399.11,204.44,285.8500000000004,0.0416,0.0196,0.4708,2314.79,10455.06,1174.98,0.125,5.7473,0.0635,-0.1087,-0.6801,0.0183,-0.1619,0,0,0,Healthy,Declining
WELSPUN SPECIALTY SOLUTIONS LTD,2026,886.2,22.67,24.84000000000012,0.0497,0.026,0.0769,35.09,870.9,128.13,0.1446,5.652,0.3317,0.2245,-6.5428,0.1965,0.6773,0,0,0,Healthy,Revenue Growth Only
WEST COAST PAPER MILLS LTD,2026,4278.79,150.6,189.07000000000016,0.0417,0.0276,0.0956,345.05,5454.51,400.35,0.0936,2.6584,0.1087,0.0533,-0.516,-0.0105,-0.2431,0,0,0,Healthy,Stable / Low Growth
WESTLIFE FOODWORLD LTD,2026,2625.56,32.33,39.66999999999976,0.0522,0.0114,2.9152,1804.79,2830.21,351.99,0.1341,10.8874,0.0094,0.0539,1.6609,0.0852,0.1119,0,0,0,Healthy,Stable / Low Growth
WHEELS INDIA LTD,2026,5464.94,155.01,200.47999999999985,0.1488,0.0441,0.7375,768.12,3514.17,477.35,0.0873,3.0795,0.0054,0.1519,0.3977,0.1019,0.0426,0,0,0,Healthy,Stable / Low Growth
WINDSOR MACHINES LTD,2026,570.5,0.64,12.120000000000012,0.0013,0.0007,0.1749,86.29,883.44,-51.25,-0.0898,-80.0781,0.3879,0.5472,-0.9137,-0.1185,1.4753,0,0,0,Healthy,Revenue Growth Only
WIPRO LTD,2026,92624.0,13197.4,17376.4,0.1499,0.0937,0.2305,20291.0,140883.5,14931.6,0.1612,1.1314,0.5202,0.0397,0.0047,0.1013,0.0566,0,0,0,Healthy,Stable / Low Growth
WOCKHARDT LTD,2026,3373.0,213.0,-18.0,0.0431,0.0248,0.452,2233.0,8578.0,390.0,0.1156,1.831,0.1119,0.1199,-5.5319,0.059,0.1049,0,0,0,Healthy,Stable / Low Growth
WONDERLA HOLIDAYS LTD,2026,518.77,81.73,105.95,0.0455,0.042,0.0035,6.26,1946.99,134.75,0.2597,1.6487,2.9738,0.1313,-0.252,0.0459,0.1767,0,0,0,Healthy,Stable / Low Growth
WPIL LTD,2026,1854.57,158.11,346.67,0.0994,0.0485,0.3159,502.34,3259.0,-92.89,-0.0501,-0.5875,1.0424,0.0264,0.1976,0.1114,0.0758,0,0,0,Healthy,Stable / Low Growth
YASHO INDUSTRIES LTD,2026,817.29,21.48,42.339999999999954,0.0487,0.0185,1.2642,557.93,1160.12,151.08,0.1849,7.0335,0.0304,0.2022,2.5681,0.0611,-0.0423,0,0,0,Healthy,Revenue Growth Only
YATHARTH HOSPITAL & TRAUMA CARE SERVICES LTD,2026,1207.17,175.38,224.14000000000013,0.0985,0.0769,0.1483,264.09,2281.53,204.52,0.1694,1.1662,0.9935,0.4035,0.3434,0.3179,21.786,0,0,0,Healthy,Revenue Growth Only
YES BANK LTD,2026,30208.46,3511.71,4643.429999999998,0.0686,0.0075,7.5143,384420.05,470204.08,21216.85,0.7023,6.0417,0.0405,-0.023,0.4354,0.1087,0.0786,0,0,0,Moderate Risk,Declining
YOGI INFRA PROJECTS LTD,2026,48.95,-0.2,6.49,-0.0045,-0.0011,1.2584,56.44,175.63,31.18,0.637,-155.9,0.0348,-0.7709,-0.0476,0.0014,-0.0262,0,0,0,Moderate Risk,Declining
ZEE ENTERTAINMENT ENTERPRISES LTD,2026,8098.9,271.3,273.5999999999998,0.0231,0.0191,0.0226,265.1,14215.5,708.1,0.0874,2.61,5.6126,-0.0235,-0.6007,0.0351,-0.1739,0,0,0,Healthy,Declining
ZEN TECHNOLOGIES LTD,2026,687.69,193.45,256.98000000000013,0.1024,0.0896,0.0098,18.51,2160.22,244.6,0.3557,1.2644,18.182,-0.2937,-0.3097,0.0543,-0.7618,0,0,0,Healthy,Declining
ZF COMMERCIAL VEHICLE CONTROL SYSTEM INDIA LTD,2026,4055.48,506.68,706.6900000000003,0.1378,0.116,0.0149,54.82,4367.91,809.35,0.1996,1.5974,29.0579,0.0661,0.1047,0.1615,-0.1704,0,0,0,Healthy,Stable / Low Growth
ZOTA HEALTH CARE LTD,2026,538.66,-73.94,-257.51000000000005,-0.1066,-0.0654,0.39,270.44,1131.05,-84.43,-0.1567,1.1419,0.3521,0.8454,0.311,1.5756,0.9372,0,0,0,Moderate Risk,Revenue Growth Only
ZYDUS LIFESCIENCES LTD,2026,27148.4,5040.0,4846.099999999997,0.1859,0.0995,0.4609,12496.0,50672.6,2116.6,0.078,0.42,0.1134,0.1681,0.1137,0.3811,2.889,0,0,0,Healthy,Stable / Low Growth
ZYDUS WELLNESS LTD,2026,3961.0,197.2,106.90000000000018,0.0338,0.0194,0.5497,3202.8,10189.9,226.4,0.0572,1.1481,0.0347,0.4622,-0.4315,0.5818,16.009,0,0,0,Healthy,Revenue Growth Only
